year,zip,dog_bite_count,median_days_on_market,active_listing_count,median_listing_price,median_listing_price_per_square_foot
2016,10001,4,86.5,71.0,3575000.0,2104.0
2016,10002,18,62.0,107.0,1305000.0,1849.5
2016,10003,18,68.5,172.0,1713500.0,1736.5
2016,10005,1,104.0,90.0,1493125.0,1490.0
2016,10006,1,83.5,56.5,2661250.0,2350.0
2016,10009,10,72.0,73.5,1163125.0,1703.5
2016,10010,5,75.5,140.0,2112500.0,1862.0
2016,10011,16,85.5,293.0,2686245.0,2056.5
2016,10012,8,104.5,108.5,4638750.0,2351.5
2016,10013,10,105.5,214.5,4808750.0,2164.5
2016,10014,8,91.0,172.0,3790625.0,2605.5
2016,10016,24,77.5,238.0,1392000.0,1466.5
2016,10017,3,73.0,120.5,999000.0,1454.5
2016,10018,1,88.0,29.5,2614583.0,2302.0
2016,10019,13,107.0,327.5,2206250.0,1980.0
2016,10021,5,90.0,266.0,2045750.0,1628.0
2016,10022,7,99.5,425.0,1906250.0,1635.0
2016,10023,28,77.5,262.5,2360000.0,2069.0
2016,10024,23,74.5,177.5,2490625.0,1617.0
2016,10025,29,70.0,143.0,1405750.0,1400.0
2016,10026,8,63.0,37.5,1034750.0,1130.5
2016,10027,21,71.0,62.0,844000.0,930.0
2016,10028,18,94.0,164.5,2612500.0,1711.0
2016,10029,56,104.5,58.0,905375.0,1018.0
2016,10030,7,58.0,17.0,1272500.0,780.0
2016,10031,14,76.0,18.5,1725000.0,681.5
2016,10032,10,107.5,24.5,659750.0,645.5
2016,10033,13,98.0,34.5,646250.0,721.5
2016,10034,10,64.5,11.0,426750.0,519.5
2016,10035,17,92.5,21.5,1955625.0,784.0
2016,10036,8,98.5,112.5,1599125.0,1760.5
2016,10037,5,70.5,13.0,580000.0,878.5
2016,10038,7,53.5,48.5,1368750.0,1339.0
2016,10039,5,50.5,15.5,508750.0,829.5
2016,10040,3,63.5,18.0,554750.0,670.5
2016,10044,1,41.5,10.0,1072500.0,758.0
2016,10065,21,121.5,293.0,2648750.0,1880.5
2016,10069,5,89.0,63.5,2660000.0,1920.0
2016,10075,4,93.5,139.5,1795000.0,1526.5
2016,10128,25,75.0,216.0,2311250.0,1577.0
2016,10280,2,95.5,35.5,1150000.0,1314.5
2016,10301,19,79.0,67.0,674000.0,324.5
2016,10302,10,43.5,17.0,372750.0,287.0
2016,10303,27,57.5,33.5,305725.0,253.5
2016,10304,20,84.0,86.0,694750.0,342.5
2016,10305,17,66.0,46.5,537225.0,336.0
2016,10306,28,56.5,93.5,570250.0,360.0
2016,10307,7,78.0,28.5,751750.0,299.0
2016,10308,15,49.5,50.0,537175.0,324.5
2016,10309,27,56.5,54.5,709999.5,305.0
2016,10310,19,62.0,29.5,405037.0,294.5
2016,10312,26,66.5,103.0,589725.0,300.5
2016,10314,29,46.5,89.0,537250.0,316.5
2016,10451,10,56.0,16.5,239000.0,250.5
2016,10452,15,67.0,15.0,188000.0,208.5
2016,10453,19,74.0,4.5,250000.0,163.0
2016,10454,15,33.0,2.0,584500.0,283.0
2016,10455,8,65.0,6.5,228125.0,147.5
2016,10456,35,60.0,12.5,315000.0,204.0
2016,10457,29,46.5,13.0,287250.0,184.5
2016,10458,29,66.5,20.5,183750.0,176.5
2016,10459,16,61.0,13.5,272500.0,229.5
2016,10460,23,106.5,20.0,189750.0,158.5
2016,10461,27,66.0,32.0,299000.0,221.5
2016,10462,24,76.5,69.5,137995.0,186.5
2016,10463,18,81.0,189.0,299450.0,288.5
2016,10464,3,96.5,28.5,499000.0,380.0
2016,10465,27,70.5,102.5,440500.0,298.5
2016,10466,27,72.5,66.0,381000.0,262.0
2016,10467,27,79.5,53.5,142250.0,163.5
2016,10468,26,72.0,29.0,146200.0,184.0
2016,10469,14,57.5,60.5,387875.0,272.0
2016,10470,5,54.0,12.0,171875.0,199.0
2016,10471,4,112.5,193.5,305000.0,295.0
2016,10472,20,85.5,9.5,434750.0,253.5
2016,10473,23,56.5,39.0,340000.0,256.0
2016,10474,8,254.5,1.0,55000.0,69.0
2016,10475,5,98.0,6.5,392750.0,270.0
2016,10541,1,74.0,131.0,403750.0,183.0
2016,10549,2,80.0,109.0,700875.0,290.0
2016,10550,1,78.5,38.0,257125.0,148.0
2016,10566,1,73.5,103.0,227500.0,148.0
2016,10605,2,65.5,88.0,600250.0,283.0
2016,10607,2,71.5,40.0,539450.0,276.5
2016,10701,4,72.0,140.5,161087.5,157.0
2016,10704,3,64.5,80.0,149750.0,172.0
2016,10708,1,82.0,209.5,323750.0,293.5
2016,10990,1,95.0,153.5,394000.0,153.5
2016,11001,1,53.5,59.5,570000.0,359.5
2016,11003,1,67.5,91.0,415000.0,275.0
2016,11004,1,35.5,19.5,620250.0,453.5
2016,11040,3,60.5,88.0,686500.0,418.0
2016,11101,23,78.5,42.0,1335250.0,1221.5
2016,11102,13,68.0,16.0,798125.0,836.5
2016,11103,8,49.0,5.0,922500.0,815.5
2016,11104,3,49.5,11.0,455247.5,620.5
2016,11105,12,76.0,13.0,499000.0,671.0
2016,11106,9,44.0,10.5,857000.0,813.5
2016,11109,3,42.5,9.5,1236750.0,1499.0
2016,11201,16,81.5,195.5,1920875.0,1409.0
2016,11203,12,88.5,53.5,480750.0,326.0
2016,11204,12,59.0,27.0,823000.0,620.0
2016,11205,9,61.0,32.0,827000.0,853.0
2016,11206,25,63.0,20.5,883692.5,772.0
2016,11207,25,67.0,61.5,427750.0,363.5
2016,11208,42,68.0,33.0,515499.5,353.5
2016,11209,21,64.0,101.0,611250.0,531.0
2016,11210,8,62.0,69.5,467750.0,429.5
2016,11211,16,68.0,79.0,1195000.0,1157.0
2016,11212,15,96.5,17.0,454250.0,280.0
2016,11213,14,52.5,17.0,763750.0,502.5
2016,11214,17,56.5,49.0,591750.0,445.5
2016,11215,26,57.5,110.5,1321000.0,1038.5
2016,11216,11,58.0,49.0,1095000.0,781.5
2016,11217,10,58.5,67.0,1638534.5,1225.0
2016,11218,13,61.0,52.0,519987.5,595.5
2016,11219,4,81.0,11.5,780250.0,656.0
2016,11220,31,74.5,36.5,608500.0,622.0
2016,11221,28,59.5,41.5,1283500.0,534.5
2016,11222,13,75.5,76.5,1297000.0,1088.0
2016,11223,15,74.5,51.0,726500.0,504.0
2016,11224,7,80.5,44.5,553125.0,400.0
2016,11225,12,67.0,29.0,1112250.0,712.5
2016,11226,18,61.5,43.0,503625.0,475.0
2016,11228,9,80.5,39.5,942860.0,614.5
2016,11229,19,65.5,132.5,497875.0,417.5
2016,11230,10,62.5,57.5,379500.0,419.0
2016,11231,14,88.5,50.5,1562500.0,1048.5
2016,11232,9,50.0,24.0,661625.0,736.0
2016,11233,20,54.5,39.5,919000.0,554.0
2016,11234,29,93.0,219.0,635500.0,427.0
2016,11235,19,77.5,226.0,610250.0,522.5
2016,11236,14,89.0,92.5,359000.0,332.5
2016,11237,20,37.0,12.5,876875.0,804.5
2016,11238,14,62.0,98.5,1068750.0,987.5
2016,11239,4,136.5,1.0,330000.0,324.0
2016,11354,7,51.0,113.5,626750.0,697.0
2016,11355,17,56.5,91.0,444111.0,503.0
2016,11356,12,58.5,29.5,670125.0,501.5
2016,11357,5,71.0,145.0,832250.0,475.5
2016,11358,12,53.5,46.0,889875.0,547.0
2016,11360,3,72.5,86.0,494375.0,490.0
2016,11361,12,55.0,44.5,896472.0,579.0
2016,11362,6,57.5,74.5,828750.0,458.0
2016,11363,3,68.0,25.5,1136625.0,515.5
2016,11364,8,45.5,75.0,502250.0,503.5
2016,11365,13,53.0,45.5,871250.0,573.5
2016,11366,3,69.0,16.0,897111.0,635.5
2016,11367,10,59.0,71.5,288250.0,310.0
2016,11368,36,80.5,62.0,452250.0,504.5
2016,11369,16,75.5,37.5,620762.5,369.5
2016,11370,6,38.5,9.5,437612.5,539.5
2016,11372,20,53.0,90.5,386875.0,476.5
2016,11373,25,60.0,57.0,443125.0,498.0
2016,11374,11,65.0,96.0,367000.0,409.5
2016,11375,12,55.5,198.5,379000.0,427.0
2016,11377,26,66.5,51.0,379000.0,493.5
2016,11378,13,53.0,18.0,731749.5,437.5
2016,11379,6,56.0,26.0,736722.0,529.0
2016,11385,18,56.0,32.0,681750.0,499.0
2016,11411,3,68.5,38.0,465999.0,304.5
2016,11412,13,62.5,78.0,433124.0,296.0
2016,11413,7,65.5,76.0,449625.0,308.0
2016,11414,9,78.0,95.0,313375.0,303.0
2016,11415,2,59.0,71.0,266750.0,309.0
2016,11416,6,100.0,16.0,486875.0,316.0
2016,11417,3,50.5,23.5,494499.5,357.5
2016,11418,14,71.5,20.0,477750.0,352.5
2016,11419,18,75.0,39.5,494000.0,332.0
2016,11420,13,80.0,72.0,464000.0,375.0
2016,11421,13,63.5,38.0,503225.0,387.5
2016,11422,12,71.0,37.5,440500.0,288.5
2016,11423,9,73.0,54.0,479125.0,368.0
2016,11426,6,48.5,31.0,572500.0,409.5
2016,11427,3,65.5,46.5,402225.0,406.5
2016,11428,5,53.5,24.5,503680.5,334.5
2016,11429,13,64.0,45.5,459450.0,299.5
2016,11432,14,84.0,102.5,520361.0,449.5
2016,11433,31,92.0,68.0,432625.0,322.0
2016,11434,24,67.0,89.5,410000.0,296.5
2016,11435,15,76.0,65.0,228250.0,245.0
2016,11436,9,65.5,44.5,398125.0,343.0
2016,11510,1,63.0,115.0,399000.0,233.5
2016,11563,1,59.5,50.5,426750.0,266.0
2016,11580,1,59.5,106.0,444000.0,289.5
2016,11581,1,63.0,67.5,499250.0,293.5
2016,11590,1,68.5,116.0,471722.5,269.5
2016,11691,26,97.5,31.0,308250.0,167.5
2016,11692,7,106.0,8.5,297500.0,269.5
2016,11693,6,76.5,19.0,386000.0,270.5
2016,11694,9,88.0,30.0,620000.0,374.5
2016,11697,1,140.5,4.0,542000.0,327.5
2016,11758,2,67.0,205.5,499999.0,285.0
2016,11784,2,65.5,109.0,264472.5,160.5
2016,11793,1,54.0,67.5,488750.0,275.0
2016,11951,1,86.5,136.5,149970.0,124.5
2016,12435,1,160.0,6.0,133100.0,119.0
2016,12455,1,103.0,61.5,206750.0,140.5
2016,12589,1,97.0,102.0,273725.0,138.0
2016,12601,1,87.5,198.0,172400.0,104.0
2016,14068,1,39.5,13.5,215012.5,115.5
2017,10001,8,79.0,82.0,4476250.0,2372.5
2017,10002,21,76.0,105.0,1753875.0,1961.5
2017,10003,20,69.5,195.0,2178125.0,1845.5
2017,10004,2,91.5,35.5,1496000.0,1406.0
2017,10005,2,98.5,92.5,1451250.0,1440.0
2017,10006,1,146.5,63.5,2582500.0,2359.0
2017,10007,3,76.5,107.0,4980625.0,2401.0
2017,10009,28,69.5,55.5,1411750.0,1607.5
2017,10010,6,68.0,139.0,2172875.0,1965.0
2017,10011,14,84.5,275.5,2856250.0,2009.5
2017,10012,13,88.0,117.0,4455625.0,2276.5
2017,10013,15,94.5,235.0,5186666.5,2132.0
2017,10014,16,84.5,178.0,3448750.0,2385.5
2017,10016,10,70.0,254.0,1377375.0,1505.0
2017,10017,2,73.5,126.5,949000.0,1429.0
2017,10018,2,100.0,21.5,2508750.0,2147.0
2017,10019,25,96.0,320.5,2091875.0,1938.5
2017,10021,7,78.5,289.0,2243750.0,1634.0
2017,10022,12,95.0,455.5,2039875.0,1665.5
2017,10023,26,74.0,285.5,2477500.0,1993.5
2017,10024,30,69.0,201.0,2643750.0,1705.5
2017,10025,32,55.5,126.5,1318125.0,1336.0
2017,10026,16,67.5,33.5,1414750.0,1140.5
2017,10027,14,75.5,58.5,1272500.0,903.0
2017,10028,25,85.0,186.5,2598125.0,1605.5
2017,10029,58,78.5,46.5,1396000.0,1272.5
2017,10030,12,66.5,20.0,830750.0,759.0
2017,10031,18,66.0,38.0,976250.0,786.0
2017,10032,17,66.5,23.5,576875.0,593.0
2017,10033,13,62.0,27.5,648500.0,699.0
2017,10034,7,52.5,10.0,432125.0,555.5
2017,10035,12,68.0,22.0,1215375.0,849.5
2017,10036,10,84.0,122.5,1612500.0,1673.5
2017,10037,9,98.5,13.0,611000.0,887.5
2017,10038,4,58.5,56.0,1536000.0,1493.5
2017,10039,11,72.5,12.0,598750.0,833.0
2017,10040,13,50.5,19.5,611225.0,698.0
2017,10044,1,84.0,10.5,1157250.0,874.5
2017,10065,23,105.0,305.0,2640625.0,1835.0
2017,10069,1,95.5,75.5,2740000.0,1841.5
2017,10075,6,68.5,141.5,1839875.0,1511.5
2017,10128,29,79.5,234.5,2277500.0,1620.0
2017,10280,1,70.5,43.5,1181375.0,1343.5
2017,10282,1,74.5,5.5,2965000.0,1914.5
2017,10301,16,63.5,67.5,720197.0,359.5
2017,10302,4,63.5,23.5,397862.5,289.5
2017,10303,14,50.5,42.5,363500.0,274.0
2017,10304,12,70.0,95.5,740500.0,368.5
2017,10305,12,50.5,62.0,596125.0,407.5
2017,10306,23,54.0,123.5,597861.0,374.5
2017,10307,4,68.0,38.0,761500.0,341.0
2017,10308,15,42.5,49.0,557875.0,353.0
2017,10309,19,59.0,66.0,662737.0,341.5
2017,10310,14,55.5,36.0,459225.0,316.5
2017,10312,39,50.0,121.0,595375.0,339.0
2017,10314,50,40.5,134.0,557400.0,355.5
2017,10451,8,81.0,17.0,254250.0,293.0
2017,10452,21,85.5,18.0,173250.0,237.0
2017,10453,32,75.5,2.5,358500.0,176.5
2017,10454,13,66.5,1.5,715372.0,290.0
2017,10455,11,97.5,5.0,265000.0,206.0
2017,10456,24,63.5,15.0,303450.0,245.5
2017,10457,22,67.5,16.5,332875.0,247.5
2017,10458,24,82.0,21.0,193500.0,192.5
2017,10459,24,92.5,10.5,277500.0,204.5
2017,10460,19,65.0,16.5,150000.0,159.0
2017,10461,24,61.5,32.0,388125.0,254.0
2017,10462,26,69.0,58.0,156125.0,206.0
2017,10463,18,76.0,188.0,325000.0,315.5
2017,10465,19,63.5,79.5,431583.5,325.0
2017,10466,34,67.0,57.0,401975.0,279.0
2017,10467,25,76.0,45.5,197900.0,192.0
2017,10468,17,72.5,28.0,192500.0,203.5
2017,10469,21,58.0,45.0,428500.0,280.5
2017,10470,5,45.5,11.0,222750.0,206.0
2017,10471,8,85.5,155.0,332500.0,328.5
2017,10472,30,71.5,6.5,459250.0,308.5
2017,10473,23,81.0,43.5,365500.0,267.0
2017,10474,6,101.0,1.0,350000.0,219.0
2017,10475,4,95.0,5.5,381969.0,224.0
2017,10512,1,72.0,161.0,351875.0,182.0
2017,10522,1,61.5,31.5,793375.0,375.0
2017,10530,1,48.5,77.5,317500.0,244.5
2017,10533,1,75.5,38.5,1302375.0,406.0
2017,10538,1,69.5,68.5,1114625.0,500.5
2017,10548,1,60.5,12.0,405200.0,209.5
2017,10701,6,60.0,109.0,167019.0,168.5
2017,10710,2,60.5,92.5,389600.0,252.5
2017,10803,1,66.0,60.0,1052737.5,368.5
2017,10921,1,71.0,22.5,266787.5,132.0
2017,10940,1,57.5,198.0,199225.0,116.5
2017,11004,3,37.5,26.0,550500.0,407.0
2017,11020,1,62.0,34.0,1599625.0,571.0
2017,11040,2,50.0,92.0,763875.0,449.5
2017,11050,1,73.5,122.0,1287173.0,544.0
2017,11101,12,75.0,42.5,1305625.0,1221.0
2017,11102,13,55.0,20.0,749472.0,875.5
2017,11103,11,62.5,12.0,777500.0,966.5
2017,11104,7,43.5,9.0,465625.0,681.0
2017,11105,9,67.5,24.5,464000.0,697.5
2017,11106,17,46.0,20.0,781706.5,1036.5
2017,11109,1,74.0,16.5,924000.0,925.5
2017,11201,20,56.0,202.5,1798375.0,1347.5
2017,11203,3,83.5,53.5,522750.0,354.5
2017,11204,14,68.0,35.5,849875.0,627.0
2017,11205,13,54.5,39.0,943500.0,840.5
2017,11206,18,67.0,19.5,913000.0,702.0
2017,11207,30,78.0,69.5,536874.5,377.0
2017,11208,33,82.0,35.5,565625.0,357.5
2017,11209,23,52.5,102.5,764250.0,580.5
2017,11210,6,73.0,67.5,525500.0,411.0
2017,11211,20,68.0,93.0,1224750.0,1223.5
2017,11212,17,90.5,23.5,462250.0,277.5
2017,11213,14,62.0,31.0,952750.0,518.5
2017,11214,20,58.0,61.0,687625.0,518.0
2017,11215,34,46.5,115.0,1546250.0,1084.5
2017,11216,19,68.0,64.0,1133750.0,804.0
2017,11217,8,57.5,70.5,1841941.5,1283.0
2017,11218,12,53.0,51.5,762375.0,610.0
2017,11219,5,70.5,22.0,725750.0,623.5
2017,11220,18,68.5,34.5,697000.0,631.5
2017,11221,36,60.5,54.5,1340375.0,589.0
2017,11222,22,68.5,75.0,1201860.0,1146.0
2017,11223,17,63.0,51.5,904250.0,618.0
2017,11224,20,63.5,35.5,562500.0,415.0
2017,11225,17,62.5,28.0,1072250.0,677.0
2017,11226,19,60.0,48.0,658125.0,507.5
2017,11228,20,71.5,43.0,1121000.0,694.0
2017,11229,21,67.0,114.5,634875.0,519.0
2017,11230,11,57.5,69.0,643625.0,505.0
2017,11231,20,57.0,62.0,2144250.0,1076.5
2017,11232,4,59.0,25.5,1006750.0,722.0
2017,11233,21,73.0,57.5,899000.0,539.5
2017,11234,21,68.5,167.5,675000.0,455.5
2017,11235,15,77.5,222.0,630000.0,560.5
2017,11236,23,88.0,89.5,436750.0,351.0
2017,11237,20,56.5,14.0,1017462.5,806.5
2017,11238,22,43.5,92.5,1255750.0,1058.5
2017,11239,1,106.5,1.5,357125.0,324.0
2017,11354,30,64.5,134.5,739500.0,740.0
2017,11355,13,50.5,72.5,573725.0,651.0
2017,11356,10,46.5,25.0,782625.0,504.5
2017,11357,17,58.5,122.0,937500.0,489.0
2017,11358,18,53.0,48.5,913736.0,585.0
2017,11360,7,58.0,81.5,508750.0,505.5
2017,11361,15,43.5,48.0,890750.0,557.0
2017,11362,4,53.5,71.5,912500.0,506.5
2017,11363,3,56.0,24.0,1218750.0,533.5
2017,11364,14,49.0,80.5,481333.0,533.0
2017,11365,19,53.0,46.5,898875.0,612.5
2017,11366,3,48.5,26.0,952722.0,614.5
2017,11367,14,54.5,67.0,327222.0,402.0
2017,11368,44,74.5,53.5,482750.0,467.5
2017,11369,8,58.5,31.0,651875.0,405.5
2017,11370,10,58.0,22.0,839750.0,540.5
2017,11372,22,56.0,87.5,375562.5,476.5
2017,11373,22,57.0,61.5,399875.0,462.5
2017,11374,8,53.0,94.5,372805.0,424.5
2017,11375,21,51.0,192.5,439721.0,481.0
2017,11377,29,55.5,45.5,499000.0,549.5
2017,11378,11,40.5,15.5,705875.0,488.5
2017,11379,9,49.0,25.5,836500.0,541.5
2017,11385,25,52.0,30.5,724750.0,498.0
2017,11412,8,70.0,90.0,459362.5,301.0
2017,11413,14,59.5,63.5,466437.5,315.0
2017,11414,7,64.0,81.0,371500.0,311.0
2017,11415,4,47.0,49.0,299000.0,356.0
2017,11416,7,52.0,11.0,525000.0,265.0
2017,11417,13,59.0,25.0,536500.0,426.5
2017,11418,11,53.0,20.5,538750.0,419.5
2017,11419,15,75.0,33.0,547500.0,360.5
2017,11420,12,69.5,67.5,519500.0,408.5
2017,11421,13,49.0,33.0,570112.5,403.0
2017,11422,7,61.0,48.5,477762.5,348.5
2017,11423,6,63.0,44.0,531750.0,348.5
2017,11426,8,48.0,41.0,600999.5,426.0
2017,11427,6,51.0,33.5,307125.0,378.5
2017,11428,4,46.5,21.5,519250.0,371.5
2017,11429,8,72.0,45.5,490000.0,307.0
2017,11432,10,74.0,92.0,702250.0,460.5
2017,11433,17,87.5,63.5,467250.0,353.0
2017,11434,28,64.0,89.0,438500.0,333.0
2017,11435,24,58.5,59.0,309125.0,268.5
2017,11436,5,67.0,46.0,445875.0,352.0
2017,11560,1,82.0,53.5,1557625.0,370.0
2017,11580,1,48.5,92.5,469000.0,312.5
2017,11691,29,71.0,43.0,396225.0,243.0
2017,11692,11,81.0,12.0,368495.0,255.5
2017,11693,5,63.5,22.5,385000.0,349.5
2017,11694,2,58.0,34.0,499000.0,390.0
2017,11697,2,204.0,3.0,542000.0,384.5
2017,11706,1,64.5,194.5,349000.0,197.0
2017,11710,1,47.0,100.5,549495.0,287.5
2017,11772,1,53.0,164.5,329619.0,205.0
2017,12446,1,100.0,63.0,253475.0,140.0
2017,12564,1,85.5,68.5,416875.0,184.0
2017,12581,1,92.0,27.5,403500.0,171.5
2017,12582,1,64.5,29.0,387700.0,158.5
2017,12734,1,159.0,4.5,127400.0,75.0
2017,13045,1,84.5,120.0,123937.5,91.5
2017,13731,1,117.0,28.5,254000.0,173.5
2017,13740,1,128.5,15.5,354250.0,168.5
2017,13865,1,78.0,33.0,134950.0,90.0
2017,13903,1,69.5,91.0,114937.5,65.0
2017,14850,1,78.0,118.0,364062.5,152.0
2018,10001,5,78.0,88.0,3726250.0,1998.5
2018,10002,16,82.5,131.0,1726875.0,1929.5
2018,10003,20,68.5,240.5,1572944.0,1658.5
2018,10004,7,75.5,41.5,1568500.0,1397.0
2018,10005,8,79.5,85.0,1351250.0,1384.5
2018,10006,3,77.5,83.0,1859937.5,2195.5
2018,10007,1,94.0,126.5,4675625.0,2169.0
2018,10009,21,60.0,44.5,1010000.0,1486.0
2018,10010,9,85.5,180.5,1746000.0,1926.5
2018,10011,14,70.0,337.0,2428375.0,1945.0
2018,10012,11,73.5,124.0,3612500.0,2151.5
2018,10013,23,93.0,249.5,4896875.0,2068.5
2018,10014,9,83.0,186.0,2613750.0,2136.5
2018,10016,14,72.5,324.5,1293750.0,1433.5
2018,10017,4,76.0,163.5,968875.0,1385.5
2018,10018,1,83.0,19.0,2396875.0,1783.0
2018,10019,12,87.0,338.0,1908694.0,1907.5
2018,10021,6,86.5,347.0,2188750.0,1608.0
2018,10022,13,85.0,487.0,1621000.0,1381.0
2018,10023,21,75.5,344.0,1797250.0,1837.5
2018,10024,15,70.0,232.0,2343625.0,1690.5
2018,10025,37,58.5,174.0,1183750.0,1322.0
2018,10026,18,58.5,47.5,1165000.0,1114.5
2018,10027,24,65.0,65.0,1250000.0,967.0
2018,10028,16,74.5,209.0,2266250.0,1655.5
2018,10029,65,73.5,53.5,1259375.0,1260.5
2018,10030,9,64.5,33.0,916125.0,869.0
2018,10031,19,78.5,33.0,860625.0,765.5
2018,10032,15,68.0,24.5,553450.0,571.5
2018,10033,12,52.0,25.0,696375.0,719.0
2018,10034,13,77.0,21.5,460000.0,537.5
2018,10035,11,64.0,23.0,1024374.5,869.5
2018,10036,10,76.5,122.0,1490625.0,1681.5
2018,10037,5,81.0,12.5,671500.0,916.5
2018,10038,9,53.5,54.0,1460996.5,1340.5
2018,10039,7,66.5,14.5,619375.0,864.0
2018,10040,12,66.5,16.5,548625.0,690.5
2018,10044,2,98.0,16.5,1293625.0,868.0
2018,10065,34,92.0,303.0,2168500.0,1697.0
2018,10069,5,80.0,87.0,2368750.0,1805.5
2018,10075,12,78.0,168.5,1530000.0,1344.0
2018,10128,35,82.5,305.0,2045000.0,1474.5
2018,10301,18,71.5,112.5,599475.0,365.5
2018,10302,12,76.0,45.0,463225.0,337.5
2018,10303,15,69.5,59.5,364500.0,306.0
2018,10304,18,69.5,130.5,603341.5,382.0
2018,10305,9,66.5,95.5,585000.0,405.0
2018,10306,21,64.0,180.5,599000.0,387.5
2018,10307,8,70.5,48.0,830749.5,361.0
2018,10308,6,57.0,70.0,592612.5,379.5
2018,10309,19,67.0,101.0,683750.0,355.0
2018,10310,16,61.5,54.5,530337.5,359.5
2018,10312,18,58.0,156.0,640961.0,354.0
2018,10314,31,51.0,179.0,599000.0,377.5
2018,10451,18,57.0,23.0,296112.5,361.5
2018,10452,23,61.5,15.0,234300.0,244.5
2018,10453,19,50.0,4.0,551249.5,255.0
2018,10454,14,90.0,4.0,812000.0,348.0
2018,10455,17,49.0,4.5,224500.0,265.0
2018,10456,40,66.0,9.0,314000.0,258.0
2018,10457,21,82.0,16.0,395500.0,272.0
2018,10458,35,88.0,19.5,217875.0,220.5
2018,10459,9,66.5,13.0,280587.5,254.5
2018,10460,27,87.0,12.5,183000.0,189.5
2018,10461,33,56.5,35.5,466972.0,297.0
2018,10462,19,49.5,50.5,188725.0,235.0
2018,10463,15,78.5,177.5,349000.0,338.5
2018,10464,3,79.5,23.5,560625.0,387.5
2018,10465,19,56.5,74.0,516199.5,354.0
2018,10466,23,66.5,58.0,450000.0,292.5
2018,10467,32,65.0,41.0,200000.0,215.5
2018,10468,19,74.0,25.0,233750.0,233.5
2018,10469,21,62.0,52.0,480250.0,301.5
2018,10470,10,50.5,11.0,274125.0,215.0
2018,10471,7,77.5,129.0,430725.0,390.5
2018,10472,24,63.0,8.0,483875.0,275.0
2018,10473,26,60.0,33.0,420350.0,281.0
2018,10474,2,78.0,1.0,250000.0,208.0
2018,10475,5,65.5,5.0,444750.0,293.0
2018,10516,1,83.5,46.0,582375.0,295.5
2018,10541,1,65.5,133.5,450000.0,212.0
2018,10543,1,48.5,68.5,962125.0,420.5
2018,10550,1,65.5,26.5,365562.5,205.0
2018,10570,1,67.5,56.0,850048.5,312.0
2018,10583,1,75.0,289.5,1376375.0,431.5
2018,10591,1,57.5,65.5,755500.0,358.5
2018,10701,4,56.0,83.5,246700.0,198.0
2018,10710,3,48.0,79.0,482000.0,268.5
2018,10803,1,68.5,61.5,961000.0,370.5
2018,10924,1,89.0,86.5,416191.5,173.0
2018,10954,1,65.0,70.0,420125.0,232.0
2018,11001,1,49.5,56.0,633000.0,396.0
2018,11004,2,42.5,25.0,665249.5,464.0
2018,11005,1,86.5,28.0,527500.0,476.0
2018,11010,1,52.5,48.5,579749.5,387.5
2018,11050,2,66.0,134.0,1316875.0,531.5
2018,11101,13,60.0,77.5,1158125.0,1227.5
2018,11102,9,62.0,35.0,755625.0,967.5
2018,11103,7,63.0,18.5,854500.0,644.0
2018,11104,9,71.0,19.0,565500.0,712.0
2018,11105,15,77.0,27.5,466750.0,644.5
2018,11106,15,57.0,27.0,829000.0,902.0
2018,11109,2,109.5,22.0,756625.0,807.5
2018,11201,18,56.0,250.0,1775000.0,1384.0
2018,11203,10,81.0,59.5,576625.0,400.0
2018,11204,14,54.0,28.0,899225.0,668.0
2018,11205,14,56.5,60.0,950000.0,929.5
2018,11206,11,55.0,35.5,973500.0,816.0
2018,11207,32,75.0,72.5,600000.0,383.5
2018,11208,33,93.0,42.0,559662.5,345.0
2018,11209,25,66.5,138.0,607249.5,591.0
2018,11210,10,73.0,56.5,626000.0,442.0
2018,11211,9,63.5,95.5,1295000.0,1216.0
2018,11212,17,70.5,20.5,492000.0,345.0
2018,11213,10,73.5,31.5,991125.0,542.5
2018,11214,17,72.5,74.0,739375.0,582.5
2018,11215,21,48.0,133.5,1480000.0,1107.5
2018,11216,18,65.0,73.5,1099000.0,793.0
2018,11217,12,49.0,76.5,1661500.0,1231.0
2018,11218,11,53.0,69.0,884750.0,629.5
2018,11219,12,66.0,22.5,1103500.0,659.5
2018,11220,31,62.5,45.5,664208.5,779.5
2018,11221,19,71.5,84.5,1291875.0,652.0
2018,11222,10,79.5,77.0,1343750.0,1127.0
2018,11223,24,78.5,42.0,897625.0,661.5
2018,11224,14,72.5,46.0,727500.0,495.0
2018,11225,16,61.5,32.5,744750.0,711.5
2018,11226,21,46.5,55.0,735750.0,600.0
2018,11228,5,68.5,46.5,1046000.0,672.5
2018,11229,11,69.0,114.5,703281.5,536.0
2018,11230,14,69.0,80.0,665475.0,529.0
2018,11231,21,70.5,76.0,2371250.0,1129.5
2018,11232,5,68.5,22.5,688250.0,775.5
2018,11233,19,60.0,55.5,1060425.0,530.5
2018,11234,31,78.5,231.0,735625.0,490.0
2018,11235,18,81.5,163.0,691750.0,580.0
2018,11236,26,79.5,71.5,544250.0,393.0
2018,11237,13,79.0,15.0,1146624.0,742.5
2018,11238,16,54.5,123.0,1421750.0,1111.0
2018,11239,3,158.0,1.0,308000.0,300.0
2018,11354,9,59.5,164.0,698250.0,780.5
2018,11355,11,58.5,131.5,665907.0,753.5
2018,11356,12,52.5,47.5,799125.0,547.5
2018,11357,15,56.5,137.0,959500.0,514.0
2018,11358,12,53.0,65.0,995125.0,586.5
2018,11360,4,54.0,103.5,561375.0,580.5
2018,11361,13,61.0,57.0,890625.0,597.5
2018,11362,5,48.5,73.0,956375.0,532.5
2018,11363,2,70.0,32.5,1201875.0,601.5
2018,11364,9,44.0,94.5,353587.0,470.0
2018,11365,16,64.0,69.0,875625.0,683.5
2018,11366,3,53.0,25.0,1049500.0,686.5
2018,11367,11,50.0,91.0,375612.5,460.5
2018,11368,35,67.0,63.5,534750.0,516.5
2018,11369,8,58.5,43.0,734625.0,463.5
2018,11370,9,59.5,27.0,756250.0,604.5
2018,11372,32,59.0,123.5,398937.5,490.0
2018,11373,26,54.0,90.0,576842.5,626.5
2018,11374,12,62.5,153.5,527708.0,543.0
2018,11375,17,52.0,233.0,448041.0,500.0
2018,11377,32,60.0,68.5,522000.0,617.0
2018,11378,22,52.5,27.5,765750.0,479.5
2018,11379,24,50.0,31.5,799000.0,496.5
2018,11385,24,63.5,45.5,761875.0,500.5
2018,11411,7,66.0,33.5,512750.0,354.5
2018,11412,17,65.0,97.0,524499.5,332.5
2018,11413,14,59.5,63.5,527500.0,307.0
2018,11414,8,54.5,67.5,372500.0,340.0
2018,11415,5,53.0,58.5,320250.0,378.0
2018,11416,8,59.0,11.0,595000.0,366.5
2018,11417,7,47.5,25.5,592000.0,466.5
2018,11418,14,59.5,17.0,624125.0,398.5
2018,11419,12,65.5,33.0,584125.0,446.0
2018,11420,15,62.5,56.0,559125.0,421.0
2018,11421,12,55.5,51.0,603500.0,439.5
2018,11422,10,63.5,44.0,540625.0,345.0
2018,11423,8,70.0,44.5,645875.0,366.5
2018,11426,4,48.0,33.5,645625.0,449.0
2018,11427,3,45.0,32.0,656750.0,417.0
2018,11428,4,52.0,31.0,621500.0,417.0
2018,11429,7,62.5,48.5,534999.5,349.0
2018,11432,3,62.0,75.5,555875.0,458.0
2018,11433,15,64.0,44.5,487000.0,360.0
2018,11434,17,65.5,81.0,499475.0,355.0
2018,11435,13,56.0,67.5,403625.0,417.0
2018,11436,7,68.0,45.5,497000.0,386.5
2018,11552,1,43.0,65.5,549350.0,327.5
2018,11557,1,75.5,55.5,869000.0,356.5
2018,11568,1,104.5,56.5,2409750.0,474.5
2018,11580,2,44.5,98.5,496500.0,330.5
2018,11590,1,49.5,124.0,499000.0,326.5
2018,11691,23,86.5,38.5,394500.0,249.0
2018,11692,4,90.5,9.0,374750.0,224.5
2018,11693,4,77.5,18.0,464750.0,383.0
2018,11694,7,67.0,47.5,534500.0,426.0
2018,11697,1,129.0,1.0,635000.0,400.5
2018,11756,1,34.5,102.5,468750.0,282.0
2018,11778,1,46.5,70.0,299999.0,205.5
2018,11782,2,69.0,65.5,649000.0,274.0
2018,11803,2,49.0,117.0,694250.0,344.0
2018,11954,1,106.5,117.5,2296250.0,843.0
2018,12455,1,116.0,35.5,247250.0,150.5
2018,12550,1,60.0,186.0,242662.5,137.0
2018,12603,1,60.5,199.0,268037.5,143.0
2018,12701,1,81.0,87.0,129600.0,86.0
2018,12768,1,96.0,13.5,175000.0,116.0
2018,13753,2,108.0,30.0,214950.0,103.5
2018,13806,1,87.5,1.0,103225.0,94.5
2018,14850,1,59.5,104.0,340200.0,162.0
2019,10001,4,90.5,128.5,3983125.0,2086.5
2019,10002,23,62.0,121.5,1544714.5,1900.0
2019,10003,16,72.0,246.5,1647125.0,1658.5
2019,10004,2,90.0,46.0,1289488.5,1305.0
2019,10005,4,102.5,81.5,1262784.0,1251.0
2019,10006,1,126.0,62.5,1481250.0,1689.0
2019,10007,2,102.0,125.0,4367500.0,2101.5
2019,10009,20,78.0,41.5,1004488.5,1438.0
2019,10010,12,93.5,191.0,1695500.0,1744.0
2019,10011,19,86.0,362.0,2189018.0,1896.0
2019,10012,10,83.5,107.5,3273750.0,2065.0
2019,10013,18,103.0,227.0,4465625.0,2033.0
2019,10014,9,84.0,186.0,2342386.5,2207.0
2019,10016,15,79.0,347.5,1248937.5,1436.5
2019,10017,2,92.5,200.5,892750.0,1315.5
2019,10018,6,95.5,23.0,1968125.0,1698.0
2019,10019,20,97.0,363.0,1848977.5,1815.0
2019,10021,11,95.5,380.5,1849000.0,1461.5
2019,10022,10,93.0,533.0,1418125.0,1219.0
2019,10023,11,83.5,370.0,1961250.0,1819.0
2019,10024,24,79.0,247.0,2415261.5,1616.0
2019,10025,25,78.5,196.0,1198625.0,1246.5
2019,10026,13,73.5,65.5,1154535.5,1083.0
2019,10027,19,69.5,99.5,1251708.0,1054.5
2019,10028,11,91.0,240.0,2158295.5,1489.0
2019,10029,68,97.5,71.5,850250.0,1126.0
2019,10030,7,81.0,43.5,817039.0,919.0
2019,10031,16,72.0,37.0,860208.5,739.5
2019,10032,14,94.5,36.5,487875.0,621.0
2019,10033,13,64.0,35.0,584000.0,698.0
2019,10034,4,77.5,20.0,419500.0,563.5
2019,10035,14,74.5,28.0,682375.0,766.5
2019,10036,5,100.0,130.5,1383293.5,1568.5
2019,10037,4,82.5,11.5,663250.0,953.5
2019,10038,8,78.0,91.0,1925909.0,1703.5
2019,10039,7,80.0,12.0,554250.0,788.0
2019,10040,13,54.0,20.0,475852.5,685.5
2019,10044,1,79.5,12.0,1255625.0,889.0
2019,10065,41,98.0,328.0,1992500.0,1613.0
2019,10069,4,71.5,94.5,2389886.5,1793.5
2019,10075,4,87.0,178.5,1615357.0,1348.5
2019,10128,39,78.5,288.5,1766522.5,1452.0
2019,10280,2,100.0,63.5,871954.5,1187.5
2019,10282,2,92.0,12.0,2997500.0,1886.0
2019,10301,9,77.5,158.0,599999.5,358.0
2019,10302,14,69.5,53.0,500371.5,334.0
2019,10303,19,75.5,88.5,430347.5,325.5
2019,10304,15,82.5,167.0,628204.5,384.0
2019,10305,13,67.5,144.0,619294.0,402.5
2019,10306,20,67.5,233.0,629950.0,405.0
2019,10307,6,80.0,86.5,800634.0,350.5
2019,10308,13,57.5,106.0,618049.0,383.0
2019,10309,23,73.5,174.5,791862.5,368.5
2019,10310,16,64.5,57.0,540750.0,351.0
2019,10312,35,62.0,248.0,666195.5,363.0
2019,10314,32,64.0,293.5,623432.0,382.0
2019,10451,18,61.5,24.0,347125.0,389.0
2019,10452,28,76.0,8.5,205950.0,173.0
2019,10453,32,117.0,5.0,550000.0,259.0
2019,10454,8,71.5,3.0,708750.0,338.0
2019,10455,18,76.0,5.5,419000.0,281.5
2019,10456,26,73.0,17.5,375500.0,265.0
2019,10457,27,91.5,13.0,455191.0,250.0
2019,10458,22,70.5,14.0,236228.5,241.5
2019,10459,16,87.0,13.5,344500.0,236.5
2019,10460,23,60.0,14.0,216899.5,189.0
2019,10461,29,46.0,35.0,577625.0,361.0
2019,10462,25,54.5,58.0,196237.5,276.5
2019,10463,32,86.0,181.5,382035.5,349.5
2019,10464,5,66.5,28.5,588962.5,400.5
2019,10465,33,63.0,84.5,523156.0,372.5
2019,10466,24,74.5,59.0,461830.5,318.5
2019,10467,33,85.5,38.5,216625.0,225.0
2019,10468,14,76.5,29.5,253212.5,261.0
2019,10469,28,56.0,57.5,499250.0,334.0
2019,10470,5,35.5,10.0,308710.0,243.0
2019,10471,6,87.0,132.0,550000.0,425.5
2019,10472,17,48.0,5.5,554498.5,307.0
2019,10473,24,67.5,61.5,440818.5,329.0
2019,10474,1,230.5,1.0,239999.0,185.0
2019,10475,2,74.5,5.0,419269.5,305.5
2019,10506,1,96.0,78.0,1245647.5,310.0
2019,10507,1,82.5,27.0,789750.0,307.5
2019,10510,1,73.5,58.0,892655.5,295.0
2019,10520,1,57.0,67.0,563413.5,268.0
2019,10523,1,65.5,22.0,468500.0,289.5
2019,10538,1,55.0,85.0,1102125.0,459.5
2019,10541,1,63.5,126.0,468885.5,207.5
2019,10550,2,53.0,25.5,397500.0,215.0
2019,10552,2,57.0,71.0,462862.5,218.5
2019,10562,1,64.0,124.0,488088.5,242.0
2019,10573,2,56.5,99.5,654857.0,336.0
2019,10583,2,79.5,273.5,1285750.0,409.5
2019,10606,1,38.5,30.0,495363.5,345.0
2019,10701,3,43.5,80.5,247333.5,225.5
2019,10710,2,42.0,70.0,489000.0,283.5
2019,10801,1,58.0,88.0,500863.5,270.0
2019,10803,1,77.5,76.5,985682.0,361.5
2019,11001,1,54.0,56.0,656204.5,388.5
2019,11003,1,54.0,90.5,508500.0,352.0
2019,11004,4,47.0,36.5,421331.0,468.5
2019,11040,2,64.0,149.5,799000.0,472.5
2019,11050,2,78.5,179.5,1163750.0,519.5
2019,11101,17,69.0,96.0,1125877.5,1282.5
2019,11102,15,79.0,27.0,727964.5,900.5
2019,11103,13,53.5,20.0,746529.5,968.0
2019,11104,11,51.5,13.5,451107.0,568.0
2019,11105,14,59.5,17.5,556761.5,647.5
2019,11106,8,61.5,24.0,647102.5,788.5
2019,11109,1,100.5,13.0,717250.0,780.5
2019,11201,27,69.5,304.0,1691125.0,1405.0
2019,11203,14,67.0,64.5,599750.0,455.5
2019,11204,6,80.0,51.0,948818.0,681.0
2019,11205,13,80.0,56.0,899079.5,881.5
2019,11206,21,79.0,26.5,894750.0,827.5
2019,11207,21,69.0,66.5,614012.0,414.0
2019,11208,55,90.5,37.0,616625.0,324.5
2019,11209,25,74.0,149.5,591000.0,593.0
2019,11210,7,71.5,69.5,662000.0,507.0
2019,11211,10,77.0,114.0,1395000.0,1226.5
2019,11212,21,90.0,17.5,554750.0,410.0
2019,11213,11,82.5,31.5,799000.0,544.0
2019,11214,22,84.0,96.0,714568.0,627.5
2019,11215,25,56.0,148.0,1342500.0,1104.0
2019,11216,12,79.0,85.0,1109375.0,785.5
2019,11217,9,61.5,88.5,1579797.0,1225.5
2019,11218,14,78.5,87.5,713535.5,650.0
2019,11219,8,73.0,28.5,1165500.0,621.5
2019,11220,25,81.0,57.0,649000.0,745.5
2019,11221,17,81.0,108.0,979352.5,750.5
2019,11222,15,75.5,59.5,1284990.0,1101.0
2019,11223,16,73.0,61.0,859750.0,603.0
2019,11224,17,68.5,43.0,628875.0,445.0
2019,11225,8,79.5,44.5,779000.0,772.0
2019,11226,26,70.5,97.0,715220.5,723.5
2019,11228,8,67.5,63.5,993750.0,677.5
2019,11229,14,65.0,131.0,681865.0,540.0
2019,11230,11,73.0,100.5,551932.0,542.0
2019,11231,12,63.5,81.5,2167500.0,1118.0
2019,11232,5,99.5,38.0,605670.5,761.5
2019,11233,12,75.5,63.5,961375.0,582.5
2019,11234,32,93.0,231.0,749375.0,500.0
2019,11235,19,86.5,189.0,622549.0,576.5
2019,11236,12,71.5,64.0,556000.0,398.5
2019,11237,14,53.5,12.0,1187626.0,645.0
2019,11238,14,59.0,134.5,1343500.0,1100.5
2019,11239,7,32.5,1.0,623363.0,389.0
2019,11354,14,76.5,240.0,643734.0,703.5
2019,11355,23,64.0,161.5,635425.5,727.0
2019,11356,21,54.5,93.5,759000.0,611.5
2019,11357,11,74.5,168.0,945000.0,528.5
2019,11358,17,69.0,79.5,980333.0,576.5
2019,11360,1,75.5,135.0,533125.0,590.5
2019,11361,19,58.0,77.0,878454.5,615.0
2019,11362,5,65.5,91.5,843375.0,503.5
2019,11363,4,85.0,34.0,1282000.0,601.0
2019,11364,18,56.5,128.5,529014.0,533.0
2019,11365,17,62.0,83.0,899250.0,628.0
2019,11366,10,50.5,30.0,978772.5,642.5
2019,11367,6,61.0,111.5,393982.0,445.0
2019,11368,30,79.0,64.0,511500.0,594.0
2019,11369,23,65.5,49.0,717795.5,404.5
2019,11370,4,57.0,25.5,545375.0,655.5
2019,11372,21,64.5,147.0,397437.5,509.5
2019,11373,22,82.0,117.0,563096.5,638.0
2019,11374,9,64.5,161.0,449535.5,476.5
2019,11375,22,59.5,238.0,455500.0,488.5
2019,11377,26,66.0,90.5,563500.0,572.5
2019,11378,17,69.0,29.0,790000.0,481.0
2019,11379,15,62.5,41.0,789750.0,545.0
2019,11385,41,64.0,51.0,757132.0,539.0
2019,11411,4,58.0,38.5,544500.0,417.0
2019,11412,6,74.5,98.5,552209.5,342.0
2019,11413,9,70.0,77.0,549748.0,339.0
2019,11414,8,52.0,75.0,425204.0,359.5
2019,11415,4,58.5,60.5,321148.5,389.5
2019,11416,3,69.5,15.0,609500.0,415.0
2019,11417,5,51.0,35.5,632858.0,480.5
2019,11418,14,70.5,37.0,644497.0,449.5
2019,11419,9,84.5,37.0,602971.0,402.5
2019,11420,16,61.5,68.5,583000.0,431.0
2019,11421,12,72.5,54.0,601932.0,461.5
2019,11422,6,56.0,40.5,562318.0,373.0
2019,11423,3,67.5,49.0,635625.0,400.5
2019,11426,4,53.5,44.5,666625.0,454.5
2019,11427,3,61.0,51.5,668396.0,456.0
2019,11428,7,66.0,38.5,638875.0,397.0
2019,11429,3,74.0,58.5,572872.5,356.5
2019,11430,1,67.0,1.0,499999.0,449.0
2019,11432,9,60.0,83.0,772614.0,489.0
2019,11433,13,73.5,45.5,537397.5,369.5
2019,11434,13,65.0,86.5,531682.0,378.0
2019,11435,18,58.5,74.0,354692.5,341.5
2019,11436,4,74.0,53.5,518795.5,449.0
2019,11545,1,93.5,125.5,1912000.0,430.5
2019,11561,1,67.0,235.5,630250.0,402.0
2019,11570,1,57.5,97.5,717715.0,353.5
2019,11580,1,51.0,97.0,526000.0,355.0
2019,11691,16,79.0,44.5,429277.0,260.5
2019,11692,5,70.5,15.0,405375.0,354.0
2019,11693,4,82.0,21.0,451500.0,354.5
2019,11694,7,91.5,50.5,743803.5,503.0
2019,11697,3,100.0,2.0,532795.5,499.0
2019,11746,1,61.0,239.0,699716.0,271.0
2019,12451,1,101.5,3.0,321500.0,182.5
2019,12468,1,92.0,16.5,261750.0,129.0
2019,12533,1,80.5,174.0,451579.5,176.0
2019,12580,1,72.0,30.0,380225.0,171.0
2019,12582,1,64.5,16.5,352237.5,180.0
2019,12603,1,58.0,176.0,262000.0,149.0
2019,12729,1,94.5,12.0,162635.0,105.5
2019,12946,1,126.0,115.0,440875.0,210.0
2019,13502,1,47.0,47.0,115925.0,84.5
2019,13842,1,128.0,6.5,156112.5,93.0
2020,10001,5,95.0,119.0,4207500.0,2249.0
2020,10002,13,70.5,144.5,1330875.0,1578.5
2020,10003,5,82.5,224.5,1491125.0,1658.0
2020,10004,2,106.0,46.0,1486875.0,1219.5
2020,10006,1,98.5,40.5,1160000.0,1506.0
2020,10007,1,128.0,113.0,3995000.0,2001.5
2020,10009,15,79.0,47.0,1119250.0,1403.0
2020,10010,6,87.0,165.0,1387625.0,1651.5
2020,10011,12,88.0,353.0,2054375.0,1888.5
2020,10012,9,91.0,104.0,2852500.0,2030.5
2020,10013,5,123.5,221.5,4448125.0,2026.5
2020,10014,4,100.5,187.5,2221000.0,2074.0
2020,10016,11,91.0,315.5,1235501.5,1413.5
2020,10017,3,92.5,175.5,793750.0,1209.0
2020,10018,1,99.5,20.5,1675625.0,1606.0
2020,10019,6,107.0,379.0,1783375.0,1781.5
2020,10021,7,104.0,335.5,1625000.0,1451.0
2020,10022,8,122.0,529.5,1373750.0,1173.5
2020,10023,7,94.0,380.0,1712750.0,1799.5
2020,10024,3,84.5,230.0,1950000.0,1510.0
2020,10025,18,75.5,186.5,1195000.0,1239.5
2020,10026,11,96.5,77.0,1167500.0,1112.0
2020,10027,21,85.0,105.5,1259125.0,1114.5
2020,10028,14,96.0,255.5,2140375.0,1679.0
2020,10029,35,98.0,54.5,973500.0,999.0
2020,10030,3,100.5,42.0,832625.0,883.0
2020,10031,14,87.0,40.0,722416.5,694.0
2020,10032,7,85.0,39.5,621000.0,702.5
2020,10033,15,80.5,39.5,636875.0,692.5
2020,10034,8,78.5,30.0,419000.0,528.0
2020,10035,8,98.5,23.0,706250.0,732.5
2020,10036,3,102.5,132.0,1323500.0,1569.0
2020,10037,4,76.5,11.0,518375.0,862.0
2020,10038,2,105.0,89.5,1986993.0,1745.0
2020,10039,6,87.5,15.5,572780.0,874.5
2020,10040,5,72.5,19.5,537500.0,671.5
2020,10044,2,92.0,10.5,1044992.0,847.5
2020,10065,35,118.5,305.0,1972250.0,1605.5
2020,10075,3,99.5,204.0,1973750.0,1524.5
2020,10128,32,92.0,300.5,1632500.0,1428.0
2020,10282,1,92.0,9.5,2787000.0,1805.0
2020,10301,18,87.0,133.0,563750.0,364.0
2020,10302,12,83.0,35.0,472125.0,347.0
2020,10303,16,81.0,59.5,410625.0,309.0
2020,10304,11,77.5,133.0,628475.0,398.0
2020,10305,10,59.0,110.5,586875.0,428.0
2020,10306,10,71.0,178.0,603125.0,404.0
2020,10307,4,74.5,45.0,731755.5,376.5
2020,10308,5,61.0,90.5,598500.0,395.5
2020,10309,6,72.5,122.0,699472.0,352.0
2020,10310,8,62.5,40.0,566100.0,384.5
2020,10312,13,70.0,194.0,614487.5,375.5
2020,10314,17,60.0,236.0,595200.0,387.0
2020,10451,12,83.5,27.5,308125.0,375.5
2020,10452,18,56.5,6.0,236237.5,250.0
2020,10453,15,178.0,3.5,550000.0,225.0
2020,10454,10,77.0,2.0,841250.0,365.5
2020,10455,9,97.5,6.5,329000.0,299.0
2020,10456,19,90.0,21.5,369975.0,269.5
2020,10457,9,69.5,13.0,528500.0,274.5
2020,10458,23,72.5,17.5,323187.5,244.0
2020,10459,9,119.5,20.0,342125.0,295.5
2020,10460,12,85.0,15.5,278997.5,206.0
2020,10461,9,66.0,43.5,599000.0,361.5
2020,10462,7,60.0,70.0,245562.5,305.0
2020,10463,14,77.0,186.0,385000.0,340.5
2020,10464,1,107.5,25.0,618125.0,394.5
2020,10465,17,81.0,98.5,541383.5,374.0
2020,10466,7,74.5,49.5,473000.0,309.0
2020,10467,31,92.5,42.5,219599.5,227.5
2020,10468,14,80.5,31.0,237500.0,240.5
2020,10469,10,73.0,58.5,545375.0,349.5
2020,10470,3,51.5,13.5,277000.0,262.5
2020,10471,3,85.0,137.5,428000.0,389.5
2020,10472,18,89.5,9.0,480625.0,204.5
2020,10473,21,75.0,57.0,463337.5,349.0
2020,10474,4,57.0,1.0,678499.0,183.0
2020,10475,2,118.0,4.0,385625.0,267.5
2020,10510,1,46.5,48.0,784293.5,286.0
2020,10514,1,56.0,72.5,989500.0,329.5
2020,10538,1,50.0,80.0,1033750.0,475.5
2020,10549,1,62.0,78.5,829125.0,295.0
2020,10550,1,63.5,21.0,410344.0,213.0
2020,10553,1,52.0,14.0,389124.5,223.0
2020,10562,1,61.5,107.0,438125.0,250.0
2020,10605,1,57.5,90.0,543625.0,295.0
2020,10701,8,61.0,70.5,242000.0,230.5
2020,10710,2,41.5,75.5,537500.0,284.5
2020,10805,1,61.5,46.5,316000.0,243.0
2020,10987,1,83.5,52.0,972375.0,273.0
2020,11001,1,58.0,51.0,659222.0,428.0
2020,11003,1,59.5,92.5,549112.5,373.5
2020,11004,2,54.0,35.5,587112.5,486.0
2020,11101,15,116.0,208.0,961475.0,1301.0
2020,11102,10,83.0,30.0,799000.0,991.0
2020,11103,11,107.5,23.5,725812.5,1038.5
2020,11104,10,65.0,31.5,440000.0,615.0
2020,11105,11,72.0,28.0,745500.0,892.5
2020,11106,10,67.0,36.5,560360.0,860.5
2020,11109,1,80.5,14.0,750000.0,750.0
2020,11201,11,77.5,343.5,1635625.0,1410.5
2020,11203,10,99.5,84.0,599000.0,437.0
2020,11204,6,80.0,41.5,893486.0,627.0
2020,11205,5,70.5,54.0,1078125.0,903.0
2020,11206,29,61.5,23.0,1103125.0,817.5
2020,11207,20,91.5,64.0,603125.0,410.0
2020,11208,26,95.0,35.5,610249.5,347.0
2020,11209,13,78.5,169.5,566150.0,564.5
2020,11210,8,88.0,70.5,774250.0,515.5
2020,11211,9,74.5,103.5,1277750.0,1238.0
2020,11212,9,109.5,17.0,546500.0,305.0
2020,11213,11,71.5,35.0,1100000.0,563.5
2020,11214,14,94.5,94.0,666000.0,568.5
2020,11215,12,62.0,168.0,1351875.0,1153.0
2020,11216,14,79.0,69.5,1134375.0,832.5
2020,11217,7,74.0,81.0,1524875.0,1146.5
2020,11218,9,67.0,92.0,676500.0,620.5
2020,11219,3,94.0,25.0,896125.0,639.0
2020,11220,19,92.0,49.5,608000.0,659.5
2020,11221,17,83.5,101.0,965875.0,751.5
2020,11222,9,69.5,67.5,1387062.5,1082.0
2020,11223,10,99.5,47.0,719625.0,592.0
2020,11224,12,87.0,50.0,529000.0,463.5
2020,11225,11,95.0,58.5,915125.0,832.0
2020,11226,19,71.5,79.0,728625.0,757.0
2020,11228,11,80.5,49.0,977000.0,635.0
2020,11229,13,82.0,148.5,589750.0,504.0
2020,11230,9,81.0,119.5,475750.0,501.0
2020,11231,8,72.0,79.0,1880375.0,1131.5
2020,11232,7,93.5,28.5,600500.0,771.0
2020,11233,12,105.0,60.5,862000.0,605.0
2020,11234,26,97.0,180.0,729000.0,474.5
2020,11235,22,85.5,261.5,508725.0,511.0
2020,11236,17,104.5,55.5,502625.0,417.0
2020,11237,9,91.5,19.0,945000.0,766.0
2020,11238,14,63.5,126.5,1350000.0,1082.5
2020,11239,1,210.0,1.0,750000.0,577.0
2020,11354,11,79.5,250.5,659050.0,873.5
2020,11355,9,83.0,153.5,576472.0,687.0
2020,11356,10,93.0,44.5,773875.0,537.0
2020,11357,14,75.0,176.5,846500.0,494.5
2020,11358,10,78.0,75.5,902750.0,561.0
2020,11360,1,86.5,164.0,530875.0,578.0
2020,11361,13,87.5,74.0,829347.0,569.0
2020,11362,2,66.5,103.5,701250.0,500.0
2020,11363,1,72.5,33.5,1358000.0,589.0
2020,11364,12,64.5,141.5,359333.0,466.0
2020,11365,18,75.0,67.0,858750.0,619.0
2020,11366,3,89.5,35.0,951200.0,563.5
2020,11367,6,65.0,119.5,408475.0,439.0
2020,11368,17,78.5,68.0,494861.0,573.0
2020,11369,16,89.0,60.0,694250.0,422.0
2020,11370,7,77.5,25.5,650500.0,640.0
2020,11372,9,82.0,193.0,402750.0,521.5
2020,11373,21,79.5,91.0,454625.0,484.5
2020,11374,10,69.5,153.0,429375.0,461.0
2020,11375,13,72.5,299.5,439250.0,474.0
2020,11377,28,72.5,99.0,488000.0,579.5
2020,11378,10,80.5,45.0,773125.0,504.5
2020,11379,15,87.5,50.0,771805.0,539.0
2020,11385,24,88.5,54.0,759875.0,533.0
2020,11411,5,59.5,37.5,571500.0,396.5
2020,11412,8,88.0,91.0,557000.0,360.5
2020,11413,9,78.5,78.5,560000.0,389.0
2020,11414,4,68.0,94.0,426375.0,345.0
2020,11415,2,74.0,78.5,346500.0,431.0
2020,11416,3,112.0,12.0,682250.0,506.5
2020,11417,4,84.0,39.0,650250.0,443.5
2020,11418,11,67.5,60.0,613250.0,433.5
2020,11419,8,70.0,24.0,639000.0,431.0
2020,11420,9,87.5,66.0,608125.0,467.5
2020,11421,12,78.5,67.5,585366.5,460.5
2020,11422,3,72.5,36.0,568500.0,353.5
2020,11423,3,75.5,54.5,652245.0,416.0
2020,11426,2,64.5,50.0,659487.5,465.0
2020,11427,6,69.5,52.5,341000.0,513.0
2020,11428,11,75.5,32.0,637000.0,449.0
2020,11429,6,79.5,49.0,571250.0,383.0
2020,11432,3,77.0,109.5,748000.0,489.0
2020,11433,15,77.0,45.0,552250.0,379.5
2020,11434,8,87.0,80.5,544487.5,380.0
2020,11435,14,84.5,103.5,330125.0,345.5
2020,11436,1,88.0,63.0,537987.0,470.0
2020,11561,1,75.0,202.5,684875.0,436.0
2020,11580,1,53.5,86.5,531737.5,363.0
2020,11590,1,68.0,130.5,575336.5,353.5
2020,11691,11,100.0,44.5,508850.0,301.0
2020,11692,7,114.5,10.5,372250.0,321.5
2020,11693,3,73.0,16.5,549925.0,438.0
2020,11694,6,74.0,44.0,657875.0,527.0
2020,11776,1,43.0,65.0,403572.5,229.0
2020,11791,1,81.5,165.0,1176875.0,395.5
2020,12414,1,93.0,52.0,341875.0,147.5
2020,12572,1,93.0,70.0,793612.5,288.0
2020,12764,1,133.5,38.0,203229.0,131.5
2020,12776,1,103.5,29.0,247200.0,143.5
2020,12816,1,76.0,19.0,253025.0,109.5
2020,13492,1,73.0,19.0,182400.0,117.5
2020,13850,1,58.5,56.0,195650.0,89.5
2020,13905,1,59.5,49.5,130650.0,65.0
2020,14850,1,47.5,75.0,349362.5,166.0
2021,10001,2,86.0,137.0,3585625.0,2130.5
2021,10002,11,73.0,181.0,1234375.0,1716.0
2021,10003,11,77.0,223.0,1646875.0,1718.0
2021,10004,1,89.5,42.0,1263125.0,1211.5
2021,10005,1,74.0,60.0,1117500.0,1127.5
2021,10006,4,104.5,36.5,990750.0,1412.0
2021,10007,1,89.5,89.5,4073750.0,1918.0
2021,10009,15,62.5,60.5,1168250.0,1537.5
2021,10010,3,81.5,171.5,1311250.0,1662.5
2021,10011,8,82.0,379.0,2159375.0,1951.0
2021,10012,8,79.0,115.0,2997500.0,1997.5
2021,10013,7,79.5,211.5,4332500.0,2021.5
2021,10014,7,70.0,142.5,1965000.0,2191.5
2021,10016,13,82.0,395.5,1148875.0,1453.5
2021,10017,2,93.0,195.5,746000.0,1211.5
2021,10018,1,100.0,21.0,1394375.0,1216.5
2021,10019,6,97.0,369.0,1696250.0,1744.5
2021,10021,3,87.5,403.5,1606250.0,1365.0
2021,10022,12,100.5,576.5,1209122.5,1102.5
2021,10023,7,71.0,399.5,1691625.0,1929.5
2021,10024,3,75.5,248.0,1972500.0,1608.0
2021,10025,20,69.0,197.5,1173750.0,1300.5
2021,10026,5,77.0,87.5,1152031.5,1132.0
2021,10027,6,89.5,118.0,1294500.0,1229.5
2021,10028,6,85.0,247.5,2020625.0,1509.5
2021,10029,35,97.5,63.5,838250.0,924.0
2021,10030,6,94.5,41.5,742125.0,844.0
2021,10031,12,75.0,33.0,557500.0,770.5
2021,10032,7,98.5,47.0,513875.0,669.5
2021,10033,10,77.5,41.5,616375.0,685.5
2021,10034,4,75.0,31.5,410112.5,522.0
2021,10035,9,82.5,30.0,696312.5,757.0
2021,10036,9,81.5,139.5,1345000.0,1621.0
2021,10038,10,80.5,100.0,1772494.0,1469.5
2021,10039,9,64.5,18.0,628688.0,804.5
2021,10040,9,84.0,18.0,542250.0,606.0
2021,10065,33,96.0,345.0,1947500.0,1519.5
2021,10069,1,92.0,71.5,2758750.0,1847.5
2021,10075,6,70.0,212.0,1774500.0,1514.5
2021,10128,27,81.0,296.5,1643500.0,1370.0
2021,10280,1,76.5,42.0,830500.0,1119.5
2021,10282,2,57.0,2.0,2295000.0,1864.5
2021,10301,12,69.0,130.5,599097.0,367.0
2021,10302,1,45.0,25.5,532237.5,348.0
2021,10303,10,55.0,51.0,476750.0,341.5
2021,10304,14,73.0,112.0,649850.0,396.0
2021,10305,9,58.0,117.0,646875.0,436.5
2021,10306,9,55.0,128.0,679583.0,449.5
2021,10307,5,59.0,43.5,843250.0,391.0
2021,10308,1,52.5,59.0,681100.0,426.5
2021,10309,16,44.5,77.0,794799.5,384.0
2021,10310,13,52.0,41.0,613000.0,400.5
2021,10312,8,46.0,122.5,717472.0,404.5
2021,10314,17,43.0,129.0,669237.5,429.5
2021,10451,9,61.5,28.0,298425.0,356.0
2021,10452,21,73.5,14.0,186098.5,225.0
2021,10453,18,79.5,4.0,441375.0,248.5
2021,10454,8,48.0,2.0,1023125.0,429.0
2021,10455,18,72.5,7.0,297500.0,260.0
2021,10456,12,72.0,19.0,340250.0,298.5
2021,10457,17,79.5,14.5,529550.0,245.5
2021,10458,12,55.0,19.5,230500.0,264.5
2021,10459,9,71.5,19.0,283375.0,271.5
2021,10460,16,78.0,21.5,182249.5,200.5
2021,10461,18,54.5,39.0,594625.0,379.0
2021,10462,18,68.0,123.0,230750.0,299.5
2021,10463,30,85.5,226.5,392000.0,360.0
2021,10465,12,52.0,85.5,578975.0,403.0
2021,10466,13,61.0,38.0,537875.0,334.5
2021,10467,24,78.5,56.0,215625.0,262.5
2021,10468,9,75.5,48.0,212000.0,263.5
2021,10469,13,46.5,36.0,573750.0,364.5
2021,10470,6,52.5,17.0,207725.0,242.0
2021,10471,5,75.0,157.5,377750.0,385.5
2021,10472,16,51.5,6.5,448429.0,236.5
2021,10473,26,57.0,41.0,393812.5,359.5
2021,10474,3,100.0,1.0,110000.0,132.0
2021,10475,5,87.5,3.0,449000.0,341.0
2021,10524,1,60.5,24.0,922250.0,340.5
2021,10538,1,55.5,69.5,738000.0,433.5
2021,10550,1,43.5,16.5,447500.0,240.0
2021,10566,1,42.5,53.0,330200.0,229.5
2021,10579,1,39.0,27.5,499000.0,270.5
2021,10591,1,43.0,48.0,706375.0,403.5
2021,10701,2,51.0,75.0,282775.0,264.0
2021,10703,1,48.5,33.5,304625.0,250.5
2021,10710,1,51.0,81.5,406945.5,310.0
2021,11001,1,42.0,49.5,743844.5,475.0
2021,11004,3,54.5,33.0,679499.5,511.0
2021,11040,2,48.5,103.0,824937.5,509.5
2021,11101,22,147.0,306.5,995041.0,1317.0
2021,11102,12,89.5,33.5,737500.0,964.5
2021,11103,8,80.0,16.0,743625.0,785.5
2021,11104,9,78.5,39.0,403000.0,644.5
2021,11105,8,90.0,31.0,682750.0,982.5
2021,11106,7,74.0,51.5,608000.0,863.5
2021,11109,4,88.0,14.5,626250.0,729.5
2021,11201,12,75.5,372.0,1495000.0,1393.0
2021,11203,7,86.5,75.5,615000.0,428.0
2021,11204,4,65.5,49.5,821750.0,691.5
2021,11205,6,64.0,42.5,937375.0,959.5
2021,11206,22,83.0,25.0,843750.0,829.0
2021,11207,28,68.0,57.5,619375.0,483.5
2021,11208,31,75.0,31.0,726250.0,426.5
2021,11209,27,79.0,185.0,463750.0,536.5
2021,11210,6,70.0,82.0,778500.0,533.0
2021,11211,25,70.5,92.0,1280750.0,1220.0
2021,11212,11,81.0,17.0,593250.0,467.0
2021,11213,13,78.0,35.5,909625.0,631.5
2021,11214,7,88.0,114.5,630625.0,578.5
2021,11215,16,58.0,152.0,1572125.0,1211.5
2021,11216,13,59.5,55.0,949250.0,785.0
2021,11217,7,56.0,77.0,1473750.0,1205.0
2021,11218,12,61.0,85.0,675500.0,642.5
2021,11219,7,80.0,30.0,719250.0,769.0
2021,11220,17,85.0,52.5,649500.0,761.5
2021,11221,19,75.0,88.5,849000.0,779.0
2021,11222,20,66.0,67.0,1354750.0,1154.5
2021,11223,13,74.0,71.0,739112.5,594.0
2021,11224,14,86.0,105.0,462500.0,449.0
2021,11225,12,93.5,94.0,731500.0,958.0
2021,11226,14,90.5,146.0,609906.5,914.5
2021,11228,4,61.5,47.5,1024125.0,730.5
2021,11229,22,86.0,210.5,521750.0,474.0
2021,11230,5,82.5,144.0,416125.0,456.0
2021,11231,5,58.0,63.0,1800000.0,1116.0
2021,11232,8,65.0,28.5,557500.0,748.0
2021,11233,20,76.5,62.5,811250.0,706.0
2021,11234,27,82.0,238.0,769000.0,497.5
2021,11235,14,92.5,345.0,528062.5,522.0
2021,11236,22,80.5,55.0,572000.0,451.5
2021,11237,9,70.0,17.0,679000.0,880.0
2021,11238,15,51.0,94.5,1190000.0,1113.5
2021,11354,12,76.5,300.5,579750.0,794.5
2021,11355,6,77.5,226.0,579550.0,748.5
2021,11356,10,72.5,57.0,809750.0,705.0
2021,11357,10,68.5,154.5,816500.0,545.0
2021,11358,15,57.0,62.0,902736.0,622.5
2021,11360,8,80.0,160.0,470972.0,501.0
2021,11361,11,61.0,62.5,718250.0,643.5
2021,11362,2,60.0,87.0,490125.0,506.0
2021,11363,2,81.5,38.0,1248750.0,557.0
2021,11364,11,68.5,158.5,336312.5,494.5
2021,11365,17,54.0,53.0,868500.0,622.5
2021,11366,7,61.5,21.0,948750.0,663.0
2021,11367,5,70.5,145.5,433750.0,607.0
2021,11368,28,87.0,113.5,451750.0,580.0
2021,11369,16,95.5,67.5,358375.0,370.5
2021,11370,10,61.5,25.0,461250.0,628.5
2021,11372,14,82.5,234.0,399000.0,499.0
2021,11373,28,78.5,161.5,398837.5,472.0
2021,11374,12,73.5,240.0,399736.0,458.0
2021,11375,14,82.5,463.5,423944.0,464.0
2021,11377,23,79.0,132.5,486250.0,623.5
2021,11378,21,60.0,36.5,751500.0,568.5
2021,11379,12,56.0,46.5,779250.0,614.0
2021,11385,21,57.5,44.0,777094.0,572.0
2021,11411,2,56.0,27.0,636500.0,454.5
2021,11412,10,52.5,56.5,634487.5,406.5
2021,11413,12,60.0,48.5,649750.0,413.5
2021,11414,8,63.0,112.0,334559.5,392.5
2021,11415,3,77.5,106.0,299450.0,356.0
2021,11416,6,54.0,11.5,696500.0,491.0
2021,11417,7,59.0,32.0,654499.5,531.5
2021,11418,11,71.0,59.5,612500.0,537.0
2021,11419,11,71.5,28.0,672500.0,501.5
2021,11420,12,60.0,48.5,661000.0,513.0
2021,11421,12,77.5,61.0,629500.0,493.0
2021,11422,7,55.5,25.5,597750.0,418.0
2021,11423,5,78.0,52.0,622587.5,440.0
2021,11426,10,50.0,41.0,645360.5,483.5
2021,11427,5,69.0,55.5,319724.0,526.0
2021,11428,4,57.0,26.0,712000.0,475.5
2021,11429,5,65.0,34.0,611625.0,404.5
2021,11432,10,78.0,107.5,392000.0,438.0
2021,11433,13,78.5,46.5,574750.0,450.0
2021,11434,20,73.0,72.5,582500.0,448.5
2021,11435,19,78.5,117.0,307247.5,339.5
2021,11436,3,64.0,40.0,556625.0,483.5
2021,11530,1,53.0,83.0,987375.0,535.0
2021,11590,1,50.5,96.0,669374.5,391.0
2021,11691,7,80.5,39.5,506500.0,328.0
2021,11692,6,84.5,10.0,467447.0,354.0
2021,11693,7,62.0,21.0,585850.0,454.0
2021,11694,9,66.5,30.5,767250.0,566.5
2021,11718,1,52.5,6.0,852012.5,276.0
2021,11792,1,39.5,24.0,599970.0,287.5
2021,11793,1,28.0,43.0,633211.0,376.5
2021,11803,1,41.0,69.0,772875.0,413.5
2021,11959,1,126.0,32.0,3731249.5,930.0
2021,11968,1,108.5,272.5,3372500.0,950.0
2021,12468,1,67.5,7.0,313750.0,203.0
2021,12531,1,55.0,16.5,538125.0,220.5
2021,12561,1,54.0,37.5,457500.0,235.5
2021,12567,1,76.5,14.5,458125.0,240.0
2022,10001,6,78.5,97.5,2773500.0,1807.5
2022,10002,19,86.5,139.0,1402500.0,1844.0
2022,10003,10,64.5,224.5,1561875.0,1746.5
2022,10005,3,87.5,88.0,1499375.0,1320.5
2022,10006,1,88.5,30.0,1184375.0,1497.0
2022,10007,8,85.5,72.5,3972500.0,2106.0
2022,10009,15,55.0,62.0,1139375.0,1599.0
2022,10010,3,68.0,168.5,1916125.0,1882.0
2022,10011,9,64.0,326.0,2200250.0,1899.5
2022,10012,7,62.5,90.0,3732500.0,2033.5
2022,10013,9,84.5,177.0,4615625.0,2156.0
2022,10014,9,52.5,123.0,1890875.0,2195.5
2022,10016,20,82.5,374.5,1268750.0,1550.0
2022,10017,3,65.0,147.0,899500.0,1285.0
2022,10018,6,70.0,29.0,1400000.0,1431.5
2022,10019,7,87.0,312.0,1995375.0,1873.0
2022,10021,7,80.5,354.5,1541250.0,1330.0
2022,10022,9,83.5,514.0,1350000.0,1218.0
2022,10023,7,61.0,345.5,1905625.0,1965.0
2022,10024,9,71.0,234.0,2120000.0,1658.5
2022,10025,21,63.0,196.5,1297375.0,1317.0
2022,10026,3,87.0,96.0,1098875.0,1073.5
2022,10027,11,77.0,119.5,1171875.0,1175.0
2022,10028,13,83.0,231.5,1902250.0,1358.0
2022,10029,51,74.0,60.5,835500.0,973.0
2022,10030,6,77.0,39.5,760000.0,786.0
2022,10031,11,70.5,54.0,553500.0,721.5
2022,10032,16,70.0,44.0,598750.0,678.0
2022,10033,5,64.5,50.5,634000.0,691.0
2022,10034,4,81.5,39.5,399000.0,507.5
2022,10035,5,60.5,39.5,691625.0,803.0
2022,10036,5,79.0,148.5,1409500.0,1656.0
2022,10037,8,91.0,14.0,527500.0,778.5
2022,10038,7,59.5,75.0,1222500.0,1231.0
2022,10039,9,78.0,21.0,599987.5,758.0
2022,10040,3,77.0,26.0,509000.0,607.5
2022,10044,3,54.5,14.5,1008124.5,1039.0
2022,10065,37,92.0,318.5,1914750.0,1619.5
2022,10069,1,78.5,59.5,2462500.0,1745.5
2022,10075,6,84.5,189.0,1674375.0,1428.0
2022,10128,71,75.0,286.0,1547500.0,1384.0
2022,10280,2,60.0,33.0,860250.0,1147.0
2022,10301,27,65.5,105.5,556000.0,392.0
2022,10302,8,48.5,28.0,564475.0,370.5
2022,10303,9,63.0,54.0,476819.0,369.0
2022,10304,10,68.0,91.0,715612.5,451.0
2022,10305,9,60.0,84.0,664375.0,457.0
2022,10306,10,56.0,116.0,698472.0,478.0
2022,10307,5,55.5,27.0,786125.0,440.0
2022,10308,10,43.0,58.5,685075.0,435.5
2022,10309,9,53.5,50.0,780487.5,434.5
2022,10310,23,52.5,43.0,599800.0,434.0
2022,10312,20,38.5,111.0,738587.5,437.5
2022,10314,30,39.5,140.0,678000.0,457.0
2022,10451,10,84.5,27.0,274875.0,335.5
2022,10452,16,100.0,16.0,195500.0,253.5
2022,10453,13,62.5,8.0,456250.0,235.5
2022,10454,12,64.0,2.0,1014500.0,398.0
2022,10455,8,140.5,5.5,277250.0,264.0
2022,10456,21,82.5,24.5,271225.0,241.5
2022,10457,13,90.5,17.0,369725.0,301.0
2022,10458,13,94.0,30.5,245000.0,281.0
2022,10459,7,110.0,20.5,267250.0,261.5
2022,10460,20,81.5,16.5,177625.0,200.5
2022,10461,18,60.5,50.5,602000.0,376.5
2022,10462,21,65.0,103.5,234875.0,300.5
2022,10463,19,83.5,202.0,362500.0,348.0
2022,10464,4,68.5,14.5,591999.5,436.0
2022,10465,12,67.0,108.5,566875.0,415.0
2022,10466,22,65.0,43.5,563249.5,375.0
2022,10467,15,84.5,70.5,205112.5,223.0
2022,10468,23,82.0,53.5,205374.5,267.0
2022,10469,22,60.0,69.0,611975.0,370.5
2022,10470,3,55.5,19.0,308562.5,241.0
2022,10471,5,86.5,146.5,325000.0,353.0
2022,10472,27,66.5,7.0,372500.0,271.0
2022,10473,28,68.0,43.0,490700.0,373.0
2022,10474,8,54.0,1.0,142000.0,167.0
2022,10475,12,71.5,3.0,471000.0,392.0
2022,10514,1,30.5,21.5,1292000.0,411.0
2022,10524,1,67.0,16.0,1199750.0,380.0
2022,10530,1,37.5,44.5,284662.5,266.5
2022,10536,1,42.0,21.0,1149500.0,333.0
2022,10560,1,87.0,12.0,735625.0,367.0
2022,10566,1,50.5,50.0,306000.0,247.5
2022,10567,1,33.5,29.5,557805.5,294.5
2022,10583,3,48.0,132.5,1118000.0,428.0
2022,10588,1,27.0,3.0,549950.0,313.0
2022,10598,1,27.5,46.0,573875.0,322.0
2022,10605,1,42.0,52.5,409450.0,304.0
2022,10607,1,44.0,14.5,811750.0,356.0
2022,10701,2,63.0,78.0,249919.0,264.0
2022,10706,1,30.0,12.5,652000.0,438.5
2022,10708,1,59.5,126.0,349375.0,318.5
2022,10801,1,47.5,52.0,425625.0,272.0
2022,10803,1,45.5,27.0,758999.0,422.0
2022,10984,1,21.5,3.0,563250.0,296.5
2022,11003,2,52.0,55.5,650000.0,437.0
2022,11004,3,51.5,27.0,731368.0,519.5
2022,11021,1,83.5,130.0,470500.0,467.5
2022,11050,1,50.0,73.0,1184728.5,596.5
2022,11101,22,127.0,250.0,974651.5,1340.5
2022,11102,19,60.5,48.5,690625.0,1024.0
2022,11103,6,64.0,16.0,704125.0,901.0
2022,11104,11,71.0,33.0,419375.0,599.5
2022,11105,9,72.0,26.0,720000.0,807.0
2022,11106,18,88.5,45.5,603750.0,876.5
2022,11201,16,59.0,258.0,1449250.0,1417.0
2022,11203,5,73.0,58.5,648125.0,415.5
2022,11204,6,91.0,41.0,823750.0,739.0
2022,11205,5,43.0,29.5,893000.0,925.5
2022,11206,26,100.5,25.0,805750.0,1019.5
2022,11207,20,66.0,53.5,599750.0,464.0
2022,11208,26,76.5,39.5,699125.0,471.0
2022,11209,14,70.0,165.0,431200.0,528.5
2022,11210,5,82.0,77.5,740750.0,503.5
2022,11211,15,92.5,94.0,1460000.0,1437.5
2022,11212,15,87.5,19.5,599999.0,459.0
2022,11213,11,88.5,33.0,635250.0,605.5
2022,11214,6,79.0,95.0,610750.0,580.0
2022,11215,14,38.0,107.5,1548250.0,1251.0
2022,11216,15,51.0,43.5,1065500.0,951.5
2022,11217,3,54.5,62.0,1699750.0,1308.0
2022,11218,8,63.5,75.5,616875.0,648.0
2022,11219,1,77.0,57.5,697750.0,841.5
2022,11220,8,77.0,52.5,672125.0,803.5
2022,11221,23,67.0,77.5,882000.0,827.0
2022,11222,20,76.0,57.5,1446187.5,1288.0
2022,11223,13,83.5,77.5,597875.0,607.5
2022,11224,7,97.5,96.0,490500.0,460.5
2022,11225,6,66.5,57.0,758250.0,875.0
2022,11226,13,71.5,104.5,599562.5,841.0
2022,11228,10,74.0,46.5,1160666.5,755.5
2022,11229,18,76.5,161.0,480250.0,444.5
2022,11230,4,82.5,135.0,476312.5,525.5
2022,11231,11,43.5,53.0,2352000.0,1185.0
2022,11232,3,66.0,27.0,603000.0,735.0
2022,11233,16,69.0,50.5,795500.0,710.5
2022,11234,22,73.0,198.5,781375.0,522.0
2022,11235,18,86.5,256.0,499737.5,509.5
2022,11236,12,78.0,59.0,623337.5,477.0
2022,11237,7,56.0,13.5,789375.0,865.0
2022,11238,10,40.0,83.5,1281250.0,1241.5
2022,11239,1,59.0,2.0,521875.0,378.5
2022,11354,22,73.0,251.5,595000.0,689.5
2022,11355,10,67.0,229.5,636250.0,796.5
2022,11356,13,75.0,51.5,795125.0,685.5
2022,11357,10,69.0,156.5,849000.0,526.5
2022,11358,12,63.0,55.5,975250.0,659.0
2022,11359,1,55.0,1.0,329000.0,470.0
2022,11360,2,69.0,121.0,417250.0,435.0
2022,11361,11,57.0,57.0,711250.0,542.5
2022,11362,2,58.0,71.0,405250.0,487.5
2022,11363,1,79.0,23.0,1013250.0,590.5
2022,11364,10,65.0,129.0,348972.0,517.0
2022,11365,11,57.0,49.5,908500.0,646.0
2022,11366,4,61.5,18.5,1098333.0,703.5
2022,11367,14,69.5,114.5,373500.0,444.0
2022,11368,32,95.0,84.0,457000.0,575.5
2022,11369,18,79.5,69.5,349750.0,354.0
2022,11370,10,68.0,34.0,505500.0,634.5
2022,11372,18,82.5,236.0,389687.5,485.5
2022,11373,23,83.0,129.0,401249.5,499.5
2022,11374,12,76.5,224.5,388972.0,440.5
2022,11375,18,82.5,434.0,409722.0,462.0
2022,11377,27,76.5,133.0,467750.0,683.0
2022,11378,17,52.5,25.0,793000.0,600.0
2022,11379,12,57.0,46.0,805000.0,630.0
2022,11385,22,56.5,44.5,797000.0,601.0
2022,11411,4,61.0,32.5,649250.0,500.5
2022,11412,12,61.0,65.5,650000.0,427.0
2022,11413,8,59.5,60.0,657500.0,465.5
2022,11414,5,77.5,106.5,326000.0,394.5
2022,11415,3,69.0,79.5,311437.5,346.0
2022,11416,6,72.0,12.0,718987.5,525.0
2022,11417,7,60.0,28.0,699375.0,565.0
2022,11418,9,68.0,47.0,592750.0,515.5
2022,11419,4,67.0,23.0,753625.0,500.5
2022,11420,15,74.0,56.0,688500.0,550.0
2022,11421,10,73.5,53.0,635125.0,503.0
2022,11422,5,56.0,30.0,645375.0,417.5
2022,11423,7,68.5,48.0,689995.0,534.0
2022,11426,5,54.0,40.0,729749.0,505.5
2022,11427,3,82.5,60.0,316997.5,539.5
2022,11428,6,63.0,22.5,749000.0,488.5
2022,11429,6,64.0,40.5,673750.0,452.0
2022,11432,8,79.5,100.5,421625.0,494.0
2022,11433,7,74.5,40.5,649749.5,459.5
2022,11434,22,72.0,74.0,615737.5,475.5
2022,11435,10,78.0,93.5,299000.0,337.0
2022,11436,12,75.0,33.5,617249.5,490.0
2022,11561,2,66.0,115.0,799000.0,512.5
2022,11577,1,56.0,28.0,1224500.0,530.0
2022,11581,1,45.5,33.5,697937.5,433.5
2022,11691,27,74.5,32.0,580250.0,376.0
2022,11692,9,83.5,12.0,543750.0,339.0
2022,11693,7,69.5,26.5,625500.0,491.0
2022,11694,3,59.0,41.0,850000.0,595.0
2022,11697,2,57.0,2.0,1169000.0,659.0
2022,11710,1,36.0,53.0,702224.5,398.5
2022,11727,1,37.0,56.0,434000.0,260.5
2022,11803,2,37.0,59.5,849999.0,446.5
2022,11971,1,53.0,23.5,1453125.0,623.0
2022,12148,1,42.0,5.5,480562.5,186.0
2022,12477,1,68.5,54.5,449000.0,263.0
2022,12549,1,58.5,25.5,497500.0,228.0
2022,12719,1,68.0,7.5,372750.0,223.5
2022,12845,1,82.5,37.5,599000.0,357.0
2023,10001,2,72.0,86.5,2603750.0,1799.5
2023,10002,13,87.0,112.0,1495000.0,1825.5
2023,10003,8,68.5,255.5,1696250.0,1693.5
2023,10004,1,68.0,37.0,1086125.0,1245.0
2023,10005,1,90.5,96.0,1400000.0,1306.5
2023,10006,1,80.5,46.0,1240000.0,1539.0
2023,10009,12,59.0,60.5,1097000.0,1527.5
2023,10010,5,74.5,174.0,1856500.0,1736.0
2023,10011,10,80.5,363.0,2420000.0,1956.5
2023,10012,5,81.5,104.5,3275000.0,1988.0
2023,10013,6,81.5,195.5,4824375.0,2123.5
2023,10014,7,63.5,136.5,2365000.0,2387.5
2023,10016,16,78.0,362.0,1153125.0,1410.0
2023,10017,7,74.5,173.5,848125.0,1269.0
2023,10018,2,88.5,31.0,1698625.0,1550.5
2023,10019,20,92.0,356.0,2000000.0,1882.5
2023,10021,3,83.5,377.0,1841687.5,1411.5
2023,10022,7,93.5,570.5,1498250.0,1321.0
2023,10023,9,72.5,380.0,1813250.0,1857.5
2023,10024,12,73.5,283.0,2047500.0,1572.0
2023,10025,12,68.0,243.5,1298500.0,1335.0
2023,10026,13,76.5,89.5,1089375.0,1024.5
2023,10027,19,90.0,118.5,1170250.0,1034.0
2023,10028,15,78.0,245.5,1997000.0,1441.5
2023,10029,44,80.0,63.5,842969.0,968.5
2023,10030,12,83.0,41.0,813125.0,790.0
2023,10031,11,73.0,50.0,562250.0,631.0
2023,10032,10,91.0,38.0,618500.0,702.0
2023,10033,10,64.5,44.5,652000.0,680.0
2023,10034,11,70.5,29.0,436875.0,528.0
2023,10035,8,82.0,43.5,653125.0,762.0
2023,10036,12,96.5,95.5,1431250.0,1621.5
2023,10037,5,82.5,16.0,394975.0,741.0
2023,10038,8,63.5,75.0,1174375.0,1163.0
2023,10039,8,59.5,19.0,656250.0,742.0
2023,10040,2,62.0,28.0,541500.0,615.0
2023,10044,6,51.0,15.0,966250.0,845.5
2023,10065,37,88.5,312.5,2201000.0,1645.0
2023,10069,1,77.0,60.0,2340000.0,1649.0
2023,10075,6,87.0,204.5,1847500.0,1566.0
2023,10128,43,77.5,306.5,1801250.0,1393.5
2023,10280,2,67.0,27.0,885000.0,1239.5
2023,10282,1,41.5,8.0,3099500.0,1963.5
2023,10301,22,80.0,93.5,559097.0,411.5
2023,10302,9,60.5,25.5,580062.0,394.5
2023,10303,20,74.0,48.0,499250.0,372.5
2023,10304,22,62.5,89.0,648500.0,455.5
2023,10305,14,62.0,76.5,656944.0,446.0
2023,10306,20,60.5,100.0,697500.0,464.0
2023,10307,8,62.5,26.5,799472.0,468.0
2023,10308,13,45.5,39.0,689000.0,461.0
2023,10309,18,57.0,50.5,785443.5,425.0
2023,10310,15,64.5,40.0,558500.0,411.0
2023,10312,34,50.5,105.0,750875.0,426.0
2023,10314,34,53.0,129.0,673500.0,443.0
2023,10451,18,94.0,33.0,278750.0,347.0
2023,10452,20,80.5,13.5,204825.0,243.5
2023,10453,14,121.5,6.0,497500.0,278.0
2023,10454,5,64.5,4.0,687999.5,357.5
2023,10455,10,78.5,8.0,274000.0,288.5
2023,10456,19,96.5,17.0,299750.0,226.5
2023,10457,12,63.5,14.5,576250.0,354.5
2023,10458,28,79.5,35.0,245000.0,260.0
2023,10459,12,93.0,12.0,311000.0,286.5
2023,10460,22,79.0,19.0,172675.0,198.0
2023,10461,12,63.0,37.0,624700.0,367.5
2023,10462,16,65.0,78.0,218750.0,304.5
2023,10463,9,87.5,219.5,351725.0,354.0
2023,10465,18,70.5,76.5,561250.0,409.5
2023,10466,10,75.0,42.0,578125.0,397.0
2023,10467,15,99.5,66.0,199999.0,217.0
2023,10468,20,84.5,51.5,202250.0,256.0
2023,10469,17,68.5,61.0,599575.0,386.5
2023,10470,7,60.0,17.0,251875.0,231.0
2023,10471,3,90.0,137.5,315000.0,336.5
2023,10472,32,56.5,6.5,646987.0,335.0
2023,10473,18,77.0,40.5,482500.0,365.0
2023,10474,2,136.0,3.0,598000.0,259.0
2023,10475,6,62.5,4.5,401000.0,376.0
2023,10504,1,58.5,29.5,2008239.0,484.0
2023,10514,1,42.0,36.0,1480496.5,473.0
2023,10523,1,48.0,7.5,607862.5,371.0
2023,10552,1,64.0,74.5,170624.5,188.0
2023,10583,1,50.0,98.5,1403125.0,480.5
2023,10590,1,37.5,14.5,826250.0,341.5
2023,10606,1,44.5,18.0,474500.0,363.5
2023,10607,1,42.5,11.0,696975.0,368.5
2023,10701,2,63.5,61.5,259975.0,247.0
2023,10704,2,49.0,42.5,200499.0,231.5
2023,10705,1,72.5,39.0,273125.0,225.5
2023,10710,1,52.0,53.0,394425.0,297.0
2023,10801,2,48.0,40.0,411500.0,283.0
2023,10803,1,62.0,24.5,914250.0,442.5
2023,10917,1,41.0,4.0,495987.5,253.0
2023,10926,1,34.5,4.5,366612.5,250.0
2023,11001,3,55.0,33.0,780500.0,481.5
2023,11004,2,49.5,27.5,427450.0,495.5
2023,11040,3,49.0,61.5,897000.0,542.0
2023,11101,21,87.0,259.5,1001770.5,1345.5
2023,11102,6,76.0,41.5,722487.5,1020.5
2023,11103,10,73.0,29.0,698875.0,909.0
2023,11104,12,62.5,26.5,471000.0,657.0
2023,11105,12,66.0,33.5,695625.0,800.5
2023,11106,7,101.5,62.0,696125.0,1036.0
2023,11109,4,56.0,13.5,756124.5,823.5
2023,11201,23,62.5,233.5,1690000.0,1495.0
2023,11203,14,83.5,55.0,673750.0,461.5
2023,11204,10,80.0,44.5,802750.0,772.0
2023,11205,4,51.0,41.0,944375.0,949.5
2023,11206,23,63.0,18.5,880000.0,1004.0
2023,11207,33,84.0,60.5,620000.0,463.5
2023,11208,49,93.5,42.0,622875.0,451.5
2023,11209,18,77.0,181.0,436750.0,528.0
2023,11210,3,74.0,65.0,672500.0,559.5
2023,11211,12,63.0,79.5,1368750.0,1448.5
2023,11212,29,90.0,21.5,599750.0,446.0
2023,11213,9,81.0,29.0,757333.0,630.5
2023,11214,17,78.5,87.5,577625.0,533.0
2023,11215,12,40.5,108.5,1711250.0,1249.5
2023,11216,9,62.0,47.0,1336375.0,959.5
2023,11217,13,48.5,63.5,2021250.0,1419.5
2023,11218,6,61.5,66.0,623750.0,652.0
2023,11220,11,91.5,42.5,629375.0,714.0
2023,11221,21,67.5,70.5,995375.0,910.5
2023,11222,9,59.0,54.0,1456750.0,1282.0
2023,11223,16,87.0,63.0,604625.0,662.5
2023,11224,23,90.5,66.0,474500.0,447.0
2023,11225,15,68.0,49.5,834375.0,825.0
2023,11226,13,66.0,86.5,625000.0,785.5
2023,11228,8,78.5,51.5,1158562.0,739.5
2023,11229,11,82.0,153.0,537500.0,475.0
2023,11230,6,81.5,135.0,502875.0,567.0
2023,11231,18,45.5,56.5,2440250.0,1198.5
2023,11232,6,65.0,20.5,597250.0,763.0
2023,11233,15,92.5,44.0,825250.0,715.0
2023,11234,16,88.0,199.5,764000.0,527.5
2023,11235,14,87.0,233.5,561125.0,569.5
2023,11236,15,85.0,57.0,635000.0,469.0
2023,11237,9,66.5,14.0,753625.0,953.0
2023,11238,18,46.5,73.5,1200000.0,1198.0
2023,11239,7,55.0,1.0,420000.0,365.0
2023,11354,17,81.0,296.0,658000.0,853.5
2023,11355,14,70.5,264.0,657500.0,890.0
2023,11356,15,84.5,44.5,793944.0,631.5
2023,11357,10,76.5,159.5,778500.0,503.0
2023,11358,5,54.0,52.0,998250.0,644.5
2023,11360,5,77.0,132.5,459625.0,579.0
2023,11361,5,82.0,59.0,801472.0,614.0
2023,11362,6,59.5,57.0,403500.0,478.0
2023,11363,3,73.5,24.0,1006333.0,541.5
2023,11364,12,65.5,113.5,347250.0,536.0
2023,11365,18,57.0,44.0,899874.0,664.0
2023,11366,7,64.5,19.0,1010500.0,696.0
2023,11367,6,78.0,111.0,409000.0,468.0
2023,11368,35,80.5,68.0,394250.0,507.0
2023,11369,13,89.5,58.5,450750.0,353.0
2023,11370,8,94.0,25.5,786975.0,648.5
2023,11372,22,83.0,188.0,386812.5,469.0
2023,11373,28,85.0,136.0,396625.0,475.5
2023,11374,9,85.0,209.0,398111.0,468.5
2023,11375,26,82.0,375.0,421944.0,467.5
2023,11377,37,76.5,134.0,460875.0,707.5
2023,11378,8,63.5,30.0,799687.5,569.0
2023,11379,10,59.0,34.0,854500.0,633.5
2023,11385,19,72.0,42.5,819125.0,576.0
2023,11411,7,66.5,33.0,600000.0,423.5
2023,11412,9,80.0,58.5,655250.0,412.0
2023,11413,11,84.0,69.5,662057.5,469.5
2023,11414,4,72.0,91.5,393249.5,395.5
2023,11415,6,84.0,73.5,328250.0,383.0
2023,11416,4,50.5,8.0,698249.5,451.5
2023,11417,8,62.5,27.5,702124.5,570.0
2023,11418,13,70.5,48.0,649500.0,511.5
2023,11419,2,73.0,22.0,716375.0,562.5
2023,11420,8,81.0,47.0,675250.0,513.0
2023,11421,17,72.0,43.0,661125.0,479.5
2023,11422,6,80.0,33.5,668625.0,436.0
2023,11423,8,77.5,50.0,690375.0,528.5
2023,11426,4,58.5,38.0,700459.5,508.5
2023,11427,5,82.5,52.5,336995.0,491.0
2023,11428,2,72.5,23.0,749000.0,510.0
2023,11429,12,79.0,34.5,665250.0,483.5
2023,11432,20,79.0,87.0,527490.0,535.0
2023,11433,12,66.5,37.0,643250.0,440.5
2023,11434,17,83.5,73.0,621812.5,449.5
2023,11435,25,91.0,81.5,305125.0,321.0
2023,11436,5,82.0,36.5,643750.0,516.0
2023,11510,1,54.5,64.5,616475.0,372.0
2023,11514,1,42.0,3.5,810361.0,458.0
2023,11516,1,66.5,17.5,1244000.0,436.0
2023,11550,1,55.0,64.0,552000.0,373.5
2023,11554,1,39.5,36.0,711625.0,451.5
2023,11581,1,47.5,35.0,735250.0,413.0
2023,11691,18,77.5,36.5,572250.0,372.0
2023,11692,3,83.5,12.5,551975.0,410.0
2023,11693,14,70.5,33.5,549125.0,590.5
2023,11694,5,74.0,44.5,799000.0,614.0
2023,11710,1,48.0,41.5,714972.0,413.5
2023,11740,1,55.0,8.0,794000.0,384.0
2023,11758,1,43.0,70.0,742250.0,396.5
2023,11772,1,37.5,52.5,540237.5,318.0
2023,11779,1,39.5,31.0,518500.0,334.0
2023,11788,1,41.5,14.0,683125.0,337.5
2023,11801,1,47.5,55.0,747750.0,466.0
2023,12414,1,54.0,25.0,488500.0,212.5
2023,12455,1,82.5,6.0,468500.0,292.0
2023,12543,1,34.0,3.5,301975.0,191.0
2023,12771,1,61.5,43.5,252250.0,171.0
2023,14204,1,49.0,4.0,91687.5,63.0
