,PC1,PC2,PC3,PC4,PC5,PC6,PC7,PC8,PC9,PC10,PC11,PC12,PC13,PC14,PC15,cluster,zip
0,-2.5649363963387053,0.06107835273550886,0.2663544028346363,0.23559024879434878,-0.6792853788735845,0.22291656348800493,-1.0245940861585656,-0.6856385769067388,0.16008038674283218,0.19087250911754827,1.3822670629745974,1.3957425912044585,-0.6379295877233866,-0.35704645273883084,-0.11535882859192714,0,83
1,-3.1570682359411224,0.2720137936179862,0.2785811148267774,-0.09017831234875645,-0.4305817194845134,-0.01855074589193796,-0.005627065722614606,0.0641616889403456,0.0150549658436289,0.01670968211910895,-0.11321968733444526,0.10380252329732281,-0.02273486482315162,0.04647301671165055,-0.029929734728195767,0,6705
2,5.445366020289069,7.714237161261363,-2.880431541804212,-0.4744767012980935,-0.9587777786620488,-4.3892378537761045,-1.561017928175666,5.83227873178753,0.05154729016935094,-2.5288493997834522,0.2631381187955123,-1.1307600415119539,-2.083033375582476,0.19723060044079363,0.09729632635859949,2,10001
3,9.780096548390441,-3.28733450379595,1.720342939186838,5.246598999193421,-3.4045969253340895,-2.0557656716852484,1.3141164089397945,0.7337798342196522,1.6777041892859663,1.242137973706389,-0.35477679100844717,-0.0031736728405019777,1.556256599267679,0.11933699070358757,-0.3351190341487995,3,10002
4,6.158600093253124,5.091783314503803,-4.925802421509627,2.616129437781385,-0.46532537442531613,1.6640053464628473,-0.9788707539641889,-1.1257709553908304,1.92576975740397,1.263038625116489,-1.1890257556338195,1.724930863677011,-0.9687148449524172,-0.4415170308330149,-1.2859817832627085,2,10003
5,1.5771175862963216,3.848132448639735,-1.1154451378249777,-0.1707469226693276,-0.34183036381845333,-0.45113848059261175,-0.5995629161921917,-0.7904943631634539,0.11123044067909489,2.4142976303405215,-1.6139179624712965,-0.19761148978676152,0.45629625686201064,1.1518274954188714,-0.21967699221032036,2,10004
6,-0.9988689773434947,1.00931398163907,-0.25235125522585444,0.018950507232472387,-0.517709647676351,0.29331770470602764,-0.006363797768959994,-0.27447852626077446,0.2297507567111916,0.31658808100742053,-0.8804734215227867,-0.47680685904458714,0.21364344717710151,-0.46083151356926844,-0.23746259711908652,0,10005
7,-1.4566659789238112,1.0622706274297635,0.07095195089695719,-0.16590179839333954,-0.6129634837192737,-0.12378219662423287,-0.5160168432639852,0.06473433403450429,0.20671353770934062,0.4352845820359745,-0.5086591421597634,-0.37459043555683175,0.14252678618427037,0.19997511907079846,-0.27131200048657933,0,10006
8,2.654718347778594,6.640534208764112,5.3107877997687565,-0.8971940352199704,1.0607795933179707,-0.17814246729875696,-0.5033937817897025,-4.349499134354282,1.9997274244605667,1.9992776654638331,0.4619549419096194,-5.016162358377809,-0.4634980948983074,1.0068418006822102,-1.1987948395533057,2,10007
9,-3.1570682359411224,0.2720137936179862,0.2785811148267774,-0.09017831234875645,-0.4305817194845134,-0.01855074589193796,-0.005627065722614606,0.0641616889403456,0.0150549658436289,0.01670968211910895,-0.11321968733444526,0.10380252329732281,-0.02273486482315162,0.04647301671165055,-0.029929734728195767,0,10008
10,2.582679087015648,-0.9476049108319019,-0.6303411259183392,-0.10135408429123187,0.09610275581140555,0.8716331322525634,-0.7537374356595506,0.24179161015292366,-0.4114450644350353,-0.1918859815162242,-1.7965732026794883,0.28772264125708186,-0.18176480898429284,-1.2266831747047096,-0.7009281969337197,4,10009
11,1.3072234621872107,2.598341901642282,-1.7156220465955632,0.14622141057502103,0.052747297487814794,-0.21648907136267684,-0.24097542033544259,-0.21628829579723363,-0.224207705294398,0.5188211307823727,-0.6803500147885371,-0.493967071156334,-0.0028677868405064108,0.8153894247752389,0.45225452636933555,2,10010
12,5.026982914607421,4.06394791751199,-4.275348382264384,0.8410540207990262,-0.07067500230566427,-0.5260810511839547,-1.414783510075509,0.473790128184002,-0.12476280779582352,1.64573000748166,-0.01257908913842358,0.4669632283089537,0.162430467104777,1.1502723590117006,-0.9866188912352304,2,10011
13,0.818564660418441,2.674172120295243,-2.504604975959328,0.9318573167154823,0.03515459656245942,0.38771917722350707,-0.4792462733766518,-0.4047126282958102,0.2164085241508397,1.5897339894352065,-0.16165618528196724,-0.5120364393275023,0.794316951698475,1.1437644588320939,-1.9158530406247243,2,10012
14,5.424418944432583,4.954333626941166,2.6437053880146926,1.3672010174556677,0.22273949800169984,0.6002574607589044,-1.2509067705886399,-2.9692408411928577,3.614088956756281,0.1089236564486124,0.37103100844976067,0.19293574988544124,-1.907122909728833,-2.401459039700832,0.09992769554318941,2,10013
15,1.6211094530516328,1.3183103542173709,-1.773575706184884,1.1534392684494417,0.08792164673042029,1.5489668667666223,-0.1012805827115064,-0.9475015457318893,0.24506611655431892,-0.4210289798862193,-0.117992037557191,-0.16275724259279797,-0.05027967433985484,-1.3189471413426774,-0.8364650196376449,2,10014
16,4.31545557204342,4.254999267008475,-3.429050698268767,0.522979407029025,0.0502730748226109,0.2860095342288772,-1.3549250285739514,-0.1559751760086555,-1.3172999007832757,-0.035277452209828926,0.06099634979206094,-1.72795726778486,2.2342428484739165,-0.32130223370881866,1.5941511025406856,2,10016
17,1.7494454046583419,3.2191299407114364,-2.6417046279675436,0.022684526735980468,0.34970495954984254,-0.40821024515620397,-0.23786658831216434,0.4023775226063223,-1.586738504556402,-0.1666462447078684,0.6587711268932616,-1.8954765555907649,1.3095922284574828,0.8443186182220334,0.6938332893629229,2,10017
18,2.1686723925299636,4.207865569733777,-2.604797343239769,0.9089955962473325,-0.803486152704256,-2.6603755447748267,-3.192380684339816,3.8556735664998314,1.9303344264598095,-1.4619560207481996,0.525270830759064,-0.9127052260555222,-2.1451551089844605,-1.4998840454624327,0.9710276059552833,2,10018
19,4.9654619838403935,4.45748119862392,-0.8231966538335965,0.4755737731631664,-0.3269488586628256,0.9769820360159935,-1.611150321317666,-0.11485782186895657,-2.3052237608235844,-2.4070508645158144,0.6971670899516812,1.353330342486791,1.8017861899233993,-1.3775193805259263,0.47932446892021413,2,10019
20,-2.8645507706033864,0.339588460128651,0.15458296849142594,-0.10164968900232368,-0.47028479312302374,-0.0472160887962429,-0.013250119985306464,0.03763154714005038,0.05340284408466454,0.1520398616017068,-0.22468612749672234,0.11223888074449612,-0.03619073633960093,-0.022751594716417408,0.03579184106089549,0,10020
21,0.5013403587981682,1.757684565907391,-1.4995337518083793,0.40073553059180395,-0.27379213727983587,0.7450962035239459,-0.23536986460649717,-0.39474290931676953,-0.9026361340008903,-0.6489542275963293,-0.8279866844659471,0.536957246051111,1.3979184520028258,-0.20009990819646384,1.89012219597306,2,10021
22,2.6329520029828277,2.103115099629484,-2.9349030845646316,0.7821387623366357,0.625212388038909,2.036125366195394,0.5989619045519247,-1.7285970980112908,-2.1800505617751513,-0.5666566500239572,0.8753424488810686,-0.7785350138955356,2.4564199397441544,-0.3891797816253589,1.1048312286998074,2,10022
23,4.039101815566583,2.600164006458307,-3.9865077608804773,1.0379060162323954,0.8491436823669564,1.4933728190815103,2.241064384431637,-0.7988631255041176,-0.33602653644279157,-0.2810860655252431,-0.46954825320722504,-0.667235372600987,0.05217519390123903,0.46161882722958203,-0.13982810349078165,2,10023
24,2.5278702195915757,0.967151129747151,-2.3481686988797743,1.0662638481103108,-0.034194774476844936,0.9995000381136805,1.372823921123074,-1.3053276086182044,1.0644191465550246,-0.1596869982553337,-0.3900174261004976,0.8909773553577488,-0.459397363780528,-0.4262628396407846,-0.48469594970487734,2,10024
25,4.131502779726385,0.7333070729297455,-2.8125329569999966,0.733321276729412,-0.31931764349302605,0.3281564428717107,0.7704648984428569,-0.6590239589596141,0.8631352864273213,0.3020106003344448,-0.458627457972817,0.646788900991598,-0.36504327150740806,-0.9650345961729677,-0.3363945371868635,2,10025
26,-0.12227418964192246,0.32716798618852916,-0.8108258620938742,-0.3775399455249416,-0.20950717089151794,0.050778846190354957,0.760195164101343,-0.05060347027406606,-0.23839866767113488,0.41138980405510134,-0.8293527321887312,0.03962448592683261,-0.34751109147211046,0.2255328921837316,-0.10415033638803081,4,10026
27,8.237146164672232,1.757017751560003,-2.209932983764799,-1.008713796370056,-0.1786198388018576,-1.236371364611977,-0.8208662676587316,-0.8776128798646584,0.47147163311534473,4.095400252590586,-1.356226661406276,2.0258234212109216,-0.6950945861355855,2.1163100924806693,0.07457221521433287,3,10027
28,-0.17592469099717775,1.149965573762285,-1.4542923503831173,0.6095720249587457,0.09925431991766104,1.3047154277522688,0.9665581147963479,-0.8643783119887501,-0.43430734556612766,-1.1817565817142124,-0.534235304511868,0.06828915495024662,0.5988683225152058,-0.5211700615987227,1.2891547449028835,0,10028
29,7.451023606532685,-3.0156997789445787,-0.6455985524183993,-1.7765162656563331,-0.32587890193095354,-0.9334287923551362,0.2800843553786016,-0.0018808054952427768,-0.1427093119393818,1.1735260208801457,-0.0021015565839047714,-0.7829591385511583,0.5496622453517289,0.03912397228733155,-0.37907799772924966,3,10029
30,1.4677525623268646,-0.6819578707011844,0.02814052882622935,0.29556419163603126,-0.688821303672616,0.6664837453516516,-0.8946087770637298,-0.6458444631704701,0.6402403915766794,-0.2987893194232923,0.34714811339691326,-0.39144784969518714,0.004211660754479676,1.018767550852803,-0.8478619043520463,4,10030
31,0.8443609143952462,0.006826173576119931,-0.8671527767565994,0.1393996135249342,0.10487775356852005,0.36202633846545706,-1.0002654942699494,-0.2985802683111144,0.05240792801798427,0.8419342258298027,-0.6866185568004097,0.47009494267894053,-0.04915215205082669,-0.3269446851242989,-0.7802545518492514,4,10031
32,2.725821078727764,-0.23283755049039198,1.0124449794758774,1.6632745522122834,-1.8653367921383495,1.5275973335885265,0.0985678423418496,1.4363660964576794,1.1688431143766482,2.044734783269884,0.7315694612780249,-0.22634449102961995,1.0917505516658461,-0.5359439944653558,-0.1832645017883009,4,10032
33,1.1093892125492935,-0.028064456634609058,-0.5769426405543733,0.48328448535508545,-1.0375132669501996,-0.9551824028100802,0.3481186262124221,-0.559349381194464,1.245716295287451,0.4499443833372742,-0.02230567221378927,1.0088900570058636,1.0054745898400084,0.1287269470905599,-0.7567917329468207,4,10033
34,1.5523442995809442,-0.8787368106247665,0.4466547365339758,0.3673979746182773,-1.0068534372411413,-0.37680519969397486,0.38125500083865965,-0.2682336047566327,1.3236436867563561,-1.2391087699963586,-0.785303597221818,-0.1639399916382913,0.8810694213942032,1.1745307917129826,0.4134064262278061,4,10034
35,5.772025946183811,-0.19494848929103922,1.0086943081717032,-1.096779404395997,1.0622765473583924,-0.03810870128303732,-3.33758674282068,-0.48795631988682947,-0.17277504658364246,1.5759724426420645,-1.2750794615736805,1.7752628955028098,-0.31688795593756125,1.8460235256910695,2.017380493141924,3,10035
36,2.6774502595698024,3.9947342470159932,-3.3376909426367867,1.6193050249447551,-0.8910246701642934,0.17852258234570123,-1.691956072503154,1.1696966428760671,0.7390184337365405,-0.3945126690645352,-1.0880571324276136,-1.1896116847656557,0.8814141549364688,-1.7104294174792098,-0.6160333708736156,2,10036
37,-0.9104600211749342,-0.3606515690743483,0.13660627050385585,-0.6235881684696907,-0.4946688755918615,0.04831825053490665,0.05911156909827404,0.1719896902192988,-0.11601274323031975,0.16632757832776532,-0.8177541861828592,0.03046423020569667,-0.3671021881439576,-0.24786623459800475,0.31111565463710583,0,10037
38,1.737267933556933,2.3996610882132132,0.6751447448887519,-0.5160515780138292,-0.7160849751384478,-0.616859541544261,-0.30009031429458377,-0.5733256054473537,0.6749066760087247,0.6206756261849065,-1.2927445570865437,-1.1261798970586894,0.5088831938653553,0.08253698807573726,0.4971093369598465,2,10038
39,-0.5366003157901474,-0.17418706479052723,-0.17235645382866727,-0.12251987083971029,-0.2823608832229009,0.49118766148265036,-0.2676594338790047,-0.597163381015495,-0.5201355971335064,0.0031235996730324335,0.7054043342249889,-0.04775281201130842,-0.06378879668006662,0.6300297987383786,-0.034263186593052004,0,10039
40,-1.211747248545093,0.03175203759474874,-0.13307019247338425,-0.011600021225331485,-0.7929660695812465,-0.3795010459384757,0.5684701296611087,-0.07894209983901655,0.49202731407114897,-0.03401154778555086,-0.6482379462210689,0.39301743421453555,0.3624822407146868,-0.14685869152790923,0.410095296462836,0,10040
41,-3.0771022399602463,0.2724667716238758,0.2655498850977891,-0.1267017167676158,-0.4404745870968061,-0.02932216068325695,-0.04370428253320518,0.05157499009497666,-0.05293593210268753,0.020468683636795132,-0.12337296458637026,0.11337975098271133,0.051306925690434074,0.028751352058574556,0.11568030338353498,0,10041
42,-1.5863990511500798,0.6728215633747863,-0.6033976252590202,0.2704558782183026,1.3336509595445152,0.20415377260631656,0.4038088138759789,-0.05596286087725055,0.06858723112000177,0.49682409856531756,-0.29759436213149226,0.20138924433059238,0.36891300335213006,0.3691421087993445,-0.13250641514440542,0,10044
43,-3.118142433857143,0.278044760061996,0.34273143862998773,-0.10503990970697455,-0.3974577794207149,-0.008745918067730797,-0.02441053229865174,0.020601784670242634,0.013808620640055842,-0.00178332401463853,-0.15232501337669202,0.07375799956896614,-0.044554466487816156,0.08613256315907894,-0.054182798282505495,0,10048
44,-3.1454353802398676,0.25425466162916543,0.28778768269923005,-0.10762886266463095,-0.4250372293154536,-0.005181194251501888,-0.008811899669768737,0.05230320062758923,-0.026576756926765602,0.006746609527558414,-0.12080059163323326,0.08966721260122307,0.012483325891934727,0.04218582341519064,-0.009982496569438892,0,10055
45,1.5307329285321165,2.259905009625272,-2.3335440119961737,0.3273744736886626,-0.1493585875245406,0.3232578260202984,-1.0838874145048025,-1.1636778515006199,-1.0119208180293444,1.2161862448505365,0.4403228145121125,0.7502886330677551,1.3642756471247905,0.8464878934119447,0.8498128240778494,2,10065
46,-2.772060920254988,0.3698303098704889,0.04327777908706187,-0.04485522480523596,-0.2827260227493435,0.13689665193108114,0.37395256326551923,-0.10780666664160732,-0.12329227626649217,-0.32894806236373514,0.044404796742044776,0.15165981707085605,0.015325724845293254,0.07306661901763009,0.4711918451104637,0,10069
47,-0.8185423250599697,1.1570561753595352,-1.3492860194082759,0.046266433330200064,0.14709522153629986,0.2989196329779467,0.3790850812349416,-0.6267796938767098,-1.0550032614282563,0.41475611008708874,0.7031306552541138,-0.7630034986552278,1.243917202218272,0.7093372690226892,0.13738678674395538,0,10075
48,-3.1570682359411224,0.2720137936179862,0.2785811148267774,-0.09017831234875645,-0.4305817194845134,-0.01855074589193796,-0.005627065722614606,0.0641616889403456,0.0150549658436289,0.01670968211910895,-0.11321968733444526,0.10380252329732281,-0.02273486482315162,0.04647301671165055,-0.029929734728195767,0,10088
49,-3.124667865879983,0.3277985239776922,0.236128517027985,-0.0458727759892376,-0.4432589525527577,-0.007614862832752769,-0.009292156681897408,0.08803077322004343,0.06123151483721732,0.024715129340793673,-0.1368182572924424,0.12007529810337607,-0.03855901243657869,0.0030604178892451738,-0.06713878169035196,0,10101
50,-2.9296221243591343,0.2534678352956775,0.07311026278936686,-0.1468146400834491,-0.2639697108026469,-0.039815431135983244,0.08912738791449556,-0.028090339752740015,-0.25347118386178613,0.14266218077449194,0.3062968185923607,-0.2493152953814083,0.2143183657597129,0.2685602310811652,-0.17439618260540804,0,10103
51,-3.1154767886734476,0.251565441077565,0.2792053004345141,-0.115901199229208,-0.42632335310966885,-0.0015216709513868457,-0.008093026269127513,0.04848658972389767,-0.04334514881803851,-0.002672377444594504,-0.11869898433840942,0.09068463805322877,0.02658065591377973,0.03848057578065329,0.01095115460291151,0,10105
52,-3.1339188678549084,0.26509304761654245,0.2803537520139755,-0.10189604760417786,-0.425003469827658,0.001536018617383271,-0.014848082462329671,0.04841257420085791,-0.03818987130858044,-0.008190450296969106,-0.11822357779793286,0.08961654163887317,0.030484335253661402,0.03935365575233723,0.014465089465964413,0,10106
53,-3.1570682359411224,0.2720137936179862,0.2785811148267774,-0.09017831234875645,-0.4305817194845134,-0.01855074589193796,-0.005627065722614606,0.0641616889403456,0.0150549658436289,0.01670968211910895,-0.11321968733444526,0.10380252329732281,-0.02273486482315162,0.04647301671165055,-0.029929734728195767,0,10107
54,-3.0382668790502776,0.47655780493690814,0.1229215895645387,0.07227532096947929,-0.47706490740140906,0.021547491991741052,-0.019065732573317992,0.15168166463257085,0.18436897882011968,0.046062988598619625,-0.1997477771804349,0.16346936425285133,-0.08075673940571769,-0.11270651230383576,-0.1663629069227686,0,10108
55,-3.1570682359411224,0.2720137936179862,0.2785811148267774,-0.09017831234875645,-0.4305817194845134,-0.01855074589193796,-0.005627065722614606,0.0641616889403456,0.0150549658436289,0.01670968211910895,-0.11321968733444526,0.10380252329732281,-0.02273486482315162,0.04647301671165055,-0.029929734728195767,0,10111
56,-3.0922674958188434,0.38358325433739815,0.1936759192291926,-0.0015672396297187665,-0.4559361856210019,0.00332102022643241,-0.012957247641180098,0.11189985749974124,0.10740806383080573,0.0327205765624784,-0.1604168272504397,0.13634807290942932,-0.05438316005000583,-0.040352180933160176,-0.10434782865250819,0,10113
57,-2.9709528508038328,0.577663032577844,0.15099515908566855,-0.11328516165309184,-0.42789763322139274,-0.13005429543521488,-0.10457360078514699,0.07837954355426505,-0.011083039084705426,0.3154820481739314,-0.19226674882030356,0.2941759985234036,0.025540978609973994,0.39073282832582795,-0.11085649434534282,0,10115
58,-3.1462681125874092,0.2906087037378883,0.26443024889384664,-0.07540980022891684,-0.4348074638405949,-0.014905451538876192,-0.0068487627090422065,0.07211805036691152,0.030447148841491724,0.01937816452633717,-0.12108587732044429,0.10922678156600724,-0.02800958069429396,0.03200215043751543,-0.04233275038224782,0,10116
59,-3.0695976736811734,0.42934073284934293,0.22082092884469953,-0.13512185697145956,-0.4634010136319052,-0.2684536198246419,-0.1044547497853307,0.34981048727313174,0.06797463490761041,-0.17569845525155162,0.0008424390454419823,-0.09381616814291847,-0.2128840692227246,0.032196519648701925,0.07221879938358548,0,10118
60,-3.0610875184004094,0.41529216528101226,0.2035063118588513,-0.09235651547397883,-0.44785661506479035,-0.1445350446405661,-0.08805800712641032,0.24065602505961373,0.011079974037057107,-0.156032861539143,-0.04194043923970587,-0.03633215800787183,-0.08343214363430021,0.0033028633551297694,0.08195276957294977,0,10119
61,-3.1454353802398676,0.25425466162916543,0.28778768269923005,-0.10762886266463095,-0.4250372293154536,-0.005181194251501888,-0.008811899669768737,0.05230320062758923,-0.026576756926765602,0.006746609527558414,-0.12080059163323326,0.08966721260122307,0.012483325891934727,0.04218582341519064,-0.009982496569438892,0,10121
62,-3.126868158934654,0.26970401896462376,0.2736678240061562,-0.11053730183135044,-0.44091830398914245,-0.04360100733828815,-0.020840410574824317,0.06886371715424563,0.012966334902100786,0.04577381129130342,-0.11837062108360374,0.11967844350144811,-0.020853810773120925,0.04129292602437774,0.021248683859915858,0,10122
63,2.166804235772144,1.1491239281281207,-2.534410892008393,0.5811942794453859,0.8159838097663951,1.8734113602030735,3.1822543094158453,-1.4019979798417752,-0.45312297104162697,-1.4373136852543835,-1.2283034363881156,0.5456800188431759,-0.3962796947968657,-0.036805456633018645,1.881441940666266,2,10128
64,-3.124667865879983,0.3277985239776922,0.236128517027985,-0.0458727759892376,-0.4432589525527577,-0.007614862832752769,-0.009292156681897408,0.08803077322004343,0.06123151483721732,0.024715129340793673,-0.1368182572924424,0.12007529810337607,-0.03855901243657869,0.0030604178892451738,-0.06713878169035196,0,10150
65,-3.124781527992125,0.3099637127181391,0.24322303723442731,-0.06862653023894642,-0.4309953537579506,-0.0008911755479107511,-0.014854862053696972,0.020376389967055247,0.01763561653191021,0.033583033553806124,-0.1295645652960251,0.08895743994231536,0.004373016497794399,0.05896988027767931,-0.02050315368086371,0,10152
66,-3.1037594918121774,0.24759594424337997,0.27236631940884426,-0.08359513669679944,-0.40865524224951444,0.01931245213748023,-0.033648317819176675,0.04697075319530939,-0.036984866167146566,-0.042115755286072004,-0.16556802017218292,0.10019050899868423,0.0141450425772621,0.04151205252986453,-0.009028371136353477,0,10153
67,-3.1224023554699487,0.2759314336039195,0.27291982132872095,-0.09616323254372477,-0.4249697103398625,0.00825323148626836,-0.020884265254890594,0.04452194777412658,-0.049802985690395304,-0.02312751012149658,-0.11564656396263251,0.0895658706765233,0.04848534461538803,0.036521488089483814,0.03891267550136766,0,10154
68,-3.1224023554699487,0.2759314336039195,0.27291982132872095,-0.09616323254372477,-0.4249697103398625,0.00825323148626836,-0.020884265254890594,0.04452194777412658,-0.049802985690395304,-0.02312751012149658,-0.11564656396263251,0.0895658706765233,0.04848534461538803,0.036521488089483814,0.03891267550136766,0,10155
69,-3.1570682359411224,0.2720137936179862,0.2785811148267774,-0.09017831234875645,-0.4305817194845134,-0.01855074589193796,-0.005627065722614606,0.0641616889403456,0.0150549658436289,0.01670968211910895,-0.11321968733444526,0.10380252329732281,-0.02273486482315162,0.04647301671165055,-0.029929734728195767,0,10156
70,-3.1570682359411224,0.2720137936179862,0.2785811148267774,-0.09017831234875645,-0.4305817194845134,-0.01855074589193796,-0.005627065722614606,0.0641616889403456,0.0150549658436289,0.01670968211910895,-0.11321968733444526,0.10380252329732281,-0.02273486482315162,0.04647301671165055,-0.029929734728195767,0,10159
71,-3.131094490051963,0.32464018026405667,0.25766672830598425,-0.10469490693318975,-0.43565279582505967,-0.0936956126160626,-0.043417573971293914,0.146403559016509,0.010795056828745993,-0.06868277702508409,-0.06199032615868295,0.03266645058974873,-0.06278052577955551,0.048737836092822805,0.03464242182407675,0,10162
72,-3.0274667556965644,0.49515271505681013,0.1087707236316079,0.08704383308931894,-0.48129065175749053,0.025192786344802792,-0.020287429559745593,0.15963802605913677,0.19976116181798254,0.04873147100584785,-0.207613967166434,0.16889362252153575,-0.08603145527686006,-0.1271773785779709,-0.17876592257682067,0,10163
73,-3.1201780233819543,0.3146375724077608,0.26015636093076067,-0.11310976018967778,-0.43436780949987686,-0.08339797949144998,-0.04178792211231477,0.14639205855704987,-0.0038313685619708183,-0.06104030738487892,-0.08001443427877039,0.02400606912468329,-0.050838060297338214,0.03281194418508119,0.017739058293378213,0,10167
74,-3.1570682359411224,0.2720137936179862,0.2785811148267774,-0.09017831234875645,-0.4305817194845134,-0.01855074589193796,-0.005627065722614606,0.0641616889403456,0.0150549658436289,0.01670968211910895,-0.11321968733444526,0.10380252329732281,-0.02273486482315162,0.04647301671165055,-0.029929734728195767,0,10168
75,-3.1426110024369223,0.31380179427667965,0.2651006589912388,-0.11042772199364284,-0.4356865553128553,-0.10041282548494776,-0.03738139117873298,0.15029418544324033,0.022408171210560858,-0.0537457172005566,-0.06456733999398331,0.03271712155209861,-0.08078153514128218,0.051570003755676226,0.010194835788673445,0,10169
76,-3.1341662602072526,0.2562039330842172,0.28207962059649744,-0.09508749324188828,-0.4436294904570799,-0.026075177426298356,-0.0012087664294244598,0.06982351019521199,0.02041212762788173,0.022884507589971716,-0.12800618169491865,0.10460519321553163,-0.019941859765754227,0.04503210931730711,-0.03550077507146425,0,10170
77,-3.1454353802398676,0.25425466162916543,0.28778768269923005,-0.10762886266463095,-0.4250372293154536,-0.005181194251501888,-0.008811899669768737,0.05230320062758923,-0.026576756926765602,0.006746609527558414,-0.12080059163323326,0.08966721260122307,0.012483325891934727,0.04218582341519064,-0.009982496569438892,0,10171
78,-3.1448353345249167,0.2750956554728383,0.2778641193891991,-0.09348119434768984,-0.42628845615284094,-0.008761614507229355,-0.016477734321308807,0.04842407466031704,-0.02356344591786362,-0.015832919937174256,-0.10019946967784538,0.09827692310393862,0.018541869771444067,0.055279547660078844,0.03136845299666289,0,10172
79,-3.1426110024369223,0.31380179427667965,0.2651006589912388,-0.11042772199364284,-0.4356865553128553,-0.10041282548494776,-0.03738139117873298,0.15029418544324033,0.022408171210560858,-0.0537457172005566,-0.06456733999398331,0.03271712155209861,-0.08078153514128218,0.051570003755676226,0.010194835788673445,0,10173
80,-3.1224023554699487,0.2759314336039195,0.27291982132872095,-0.09616323254372477,-0.4249697103398625,0.00825323148626836,-0.020884265254890594,0.04452194777412658,-0.049802985690395304,-0.02312751012149658,-0.11564656396263251,0.0895658706765233,0.04848534461538803,0.036521488089483814,0.03891267550136766,0,10178
81,-3.1454353802398676,0.25425466162916543,0.28778768269923005,-0.10762886266463095,-0.4250372293154536,-0.005181194251501888,-0.008811899669768737,0.05230320062758923,-0.026576756926765602,0.006746609527558414,-0.12080059163323326,0.08966721260122307,0.012483325891934727,0.04218582341519064,-0.009982496569438892,0,10179
82,-3.1138677425262697,0.3463934340975942,0.22197765109505416,-0.031104263869397984,-0.4474846969088391,-0.003969568479691001,-0.010513853668324897,0.09598713464660935,0.07662369783508013,0.027383611748021897,-0.14468444727844149,0.12549955637206048,-0.04383372830772111,-0.011410448384889959,-0.07954179734440403,0,10185
83,-3.077965546079747,0.25376209968582264,0.28241017382368633,-0.0989605019429036,-0.46995630373593134,-0.041561538467395,0.0008665221558324466,0.0947802788476146,0.04123715937745736,0.04534891124194237,-0.1668214017108914,0.11562111866048737,-0.027883332282395694,0.028494610002073154,-0.04689397719950697,0,10271
84,-3.1570682359411224,0.2720137936179862,0.2785811148267774,-0.09017831234875645,-0.4305817194845134,-0.01855074589193796,-0.005627065722614606,0.0641616889403456,0.0150549658436289,0.01670968211910895,-0.11321968733444526,0.10380252329732281,-0.02273486482315162,0.04647301671165055,-0.029929734728195767,0,10272
85,-3.1570682359411224,0.2720137936179862,0.2785811148267774,-0.09017831234875645,-0.4305817194845134,-0.01855074589193796,-0.005627065722614606,0.0641616889403456,0.0150549658436289,0.01670968211910895,-0.11321968733444526,0.10380252329732281,-0.02273486482315162,0.04647301671165055,-0.029929734728195767,0,10274
86,-3.070667249111417,0.42077307457720214,0.16537418736333107,0.027969784609960444,-0.46438767433316475,0.01061160893255589,-0.0154006416140353,0.1278125803528731,0.13819242982653132,0.0380575413769349,-0.17614920722243776,0.14719658944679817,-0.06493259179229051,-0.06929391348143038,-0.1291538599606124,0,10276
87,-3.1395553507842675,0.23260973205382032,0.28340795765514387,-0.11780122708093685,-0.4168411044752115,-0.033599909417493086,0.026911198620924122,0.0489837240008679,-0.0002097306410772797,0.0075914038895286695,-0.08199485943181292,0.08881602274914385,-0.03471767247773596,0.05612511000454057,-0.017665672709338165,0,10278
88,-3.145551723556163,0.28285217960536324,0.27114718414152283,-0.08444549728830333,-0.4305479599967179,-0.011833533023052801,-0.01166324851517554,0.06027106251361428,0.0034418514618140415,0.0017726222945814434,-0.11064267349914486,0.10375185233497292,-0.0047338554614249325,0.043640849048797135,-0.005482148692792461,0,10279
89,-2.4681921000590012,0.4804791410157463,-0.15338335892569557,0.12680559522677567,-0.17791041866448462,0.35845995966263444,0.5874008095112367,-0.15721236309620779,-0.07222430268154756,-0.5612901266630357,-0.17378149278949487,0.3040029698402109,-0.09096688402862783,0.0705187553116414,0.5708464254658449,0,10280
90,-3.1111332354373338,0.2778807050589712,0.26721175922598833,-0.0836218631209821,-0.4435619714814888,-0.012640751688528039,-0.013281132014546315,0.062042257341749354,-0.002814101135747963,-0.006989612059083265,-0.12285215402431791,0.10450385129083187,0.016060158957699095,0.03936777399160028,0.013394396999342303,0,10281
91,-2.485703447137968,0.3139636197954591,-0.15728325893544984,-0.05809619471711313,-0.14573621997580774,0.15361892663109156,0.37755818625272075,-0.12522748609294462,-0.30935775260805765,-0.15587339460319835,0.22042049003692318,-0.1337042826459103,0.15455536893687116,0.2763663072641406,0.12784524096876826,0,10282
92,5.448067901069264,2.515439327268139,4.6325415789140365,-1.6723978674117117,1.086573017535328,-0.8060902901388949,-0.24056586648518577,-1.0142001538293992,0.11564450446526642,-0.14278441853913462,-1.388038256671955,0.9373161785830297,0.17652796020348258,0.4547351438956724,-0.40237978166300137,3,10301
93,-0.9125657625040451,-0.35338622699973454,-0.02715468613334038,-0.25056315025706305,-0.607480467797342,-0.3557930472404662,-0.017449968322971184,0.18045326739965664,-0.016104672132550173,-0.042104088612479926,-0.39951119848596495,-0.319737349730362,0.591357584052326,-0.17803274498401048,-0.13370649454641906,0,10302
94,0.09167082341545364,-1.1145685752419472,0.952931431841643,5.895292190287915,-0.3255200697305866,-3.2013625995774864,0.08229999504492293,-1.726864462463639,-4.466331333406114,-0.3945551107589896,-0.2983256201287603,-0.4084864150371516,-1.1995961398194062,-0.4594246621966518,0.39067783565337993,4,10303
95,2.1301549895386187,-1.0421964365521021,-0.6877693691217952,-0.06612126333140751,-0.4083016195041444,-0.14146961524736276,1.1005122539225678,-0.1420867832976912,0.8317752600795214,-0.34115548171344534,-0.21407230494209445,-1.1762671780360259,0.5431952314420864,-0.4146404362036408,-1.3593648873677422,4,10304
96,0.9128660138369723,-0.5849801871919771,-0.5151858221868525,-0.017503317731761777,0.18568014554938497,0.2306954330673329,-1.2243879998404794,-0.4623010100279027,0.25973538025759535,0.1826394433409931,1.180772020589741,0.6118762401907428,-0.8049351702329874,-0.6930810549854666,-0.2959186204445599,4,10305
97,0.44960776382189943,-0.6395731597989444,-0.6470438360976929,-0.05892462070071179,0.9810056855042881,-0.5151528024210413,0.09873011045213742,0.0022205940088408614,0.26396836111096683,0.2611886000161978,0.9749250321693245,-0.23061818579234805,0.2330325216965738,-0.4424001687550647,-0.5217398494764748,4,10306
98,-1.8188757806911355,-0.08152805365175225,-0.05374656885688866,0.05675278471551569,-0.2949873057974313,0.48632821780132107,-0.25095508127580307,-0.470637754305208,-0.1372270240388502,-0.053779586753572695,0.9764367091113033,0.17365894710171412,-0.1523374476645154,-0.040167512491285626,-0.48294816261285733,0,10307
99,-1.4064506646550634,-0.3496706863134338,1.0913843209103853,1.2887601763192376,-0.1301289975641908,1.9737691977988534,1.128019125107925,2.379012620695649,-0.1523237902304441,1.3988375886652988,0.8902555537352403,-0.49590821917608907,0.33792908703780994,0.07240411492000423,0.1054495643715693,0,10308
100,0.6905961585860563,0.6287531982741678,0.7712483490083971,-0.5483543349934741,0.7708510565697444,0.578572008512256,0.34540615900168553,0.32611278591421305,-1.8200390002339715,-1.8130957093462394,0.25884924692368405,1.846257588554779,0.5748243398435493,-0.25894389712386834,-0.9976318942527673,4,10309
101,1.36850345721685,-0.6098129891187096,0.2723546429238863,0.9317960157556111,0.9937168399136187,0.5194345723239846,-0.12183632872875476,-0.8016579975179542,1.3098338697090455,-1.0711614947863781,0.12162775457215924,0.3357582571462414,0.3282989425936348,0.016876399467159783,0.047999153133387956,4,10310
102,0.11932377678740175,-0.9632113976815555,0.22143666393712952,0.38656640025341454,1.6138686242490397,-0.05862400486887519,0.495576141383085,0.02798769428001607,0.8031770915370358,-0.5655797468903122,0.018862988337652913,-0.3996133447118006,1.5348773458671898,-0.03152149375661983,-0.232814799237319,4,10312
103,6.004492064409372,-2.217111920106352,0.155733984797103,0.9769872245243872,1.2986194888651055,-0.9332502298174198,0.22023714980276654,-0.9026403028882042,2.598447365359165,-1.7034286638560643,0.33992719308519803,1.1999765046826119,1.2299450948902746,0.4187271938984727,-0.2844477046819823,3,10314
104,7.7638060720504445,0.8369603431176148,5.178882592233487,-0.18545500936116244,-1.2696937587335673,1.9606634804540002,-0.5122789319845976,0.1276912901040669,0.885258671702985,1.3718309776640376,-0.6937334990014105,-1.7023406769368707,-0.21915196985999041,0.520849992276303,1.8584171009067656,3,10451
105,3.505698355100723,-2.0700217228669193,0.24713508619882807,-0.7647943784600904,-0.8379597968109429,1.0473945100496806,-1.3387917390153614,-0.6891536673108054,-0.9081109103299462,-0.8889347480882059,0.18294048990506515,0.4014392570537863,-0.17757977779668382,-0.10739514556013659,0.3989679629055741,3,10452
106,2.7601628069368327,-1.2886959398568332,-0.19663814279021233,-1.1171665466711755,-0.8133933634585699,-0.825836639332261,0.26670618063358165,-0.08551395571523325,-0.5729673658677589,0.33408964459162926,-0.6199240852644049,-0.7490612880806827,1.7261092728774097,-0.17271689722394717,0.19726679318353593,4,10453
107,3.497072775102825,-1.4252265956526156,1.6636120195423294,-1.0905955546853534,-0.2573270839615641,-0.6207950618675792,-0.228735111295139,1.0005502121517817,-0.9307447133658452,-1.9460310074677436,-0.7618407369346044,1.869224351074277,0.9392575147457038,-0.060753498994787325,-1.6148224418315507,3,10454
108,4.119775213431783,-1.8922130125593697,1.205139708192379,-0.7457407707576368,-2.2920086015385386,-2.156674732693703,-1.3755228816838296,-0.4951502352163992,1.7914922062869354,0.25806361868079564,0.9268286244737897,1.5471600043102725,-0.1106377481501458,-1.2525177260847826,1.0456543300323295,3,10455
109,6.227681652031775,-3.6562351822743655,0.3602860540126093,-2.0896764982550318,-1.7593744458768186,-1.9165626013839812,0.9039458050647363,0.48141774798496145,0.27825709408649574,0.3662563779958621,-1.54720960675638,-0.819965656697115,1.4588865036779004,-0.3148026841003268,0.5472718135258398,3,10456
110,7.801031579393997,-3.1510884562156676,1.0027386316634281,-1.81240940539895,-1.1955115555448497,0.4820842304819936,-2.748777410752124,-0.904461897985155,-0.6990484833507928,0.00014020321257701942,0.9113965075657737,-0.25083833645274284,-0.164746097130244,-0.2706997618075401,-0.4965399905114043,3,10457
111,2.7739264794119967,-0.4987679717435231,-0.5352591728655962,-0.4815971601446065,-1.0648782503882146,-1.999548806792647,-0.46372294667574243,0.5135876545718874,0.454982230777499,-0.5284583927812121,0.805229391520222,-0.5081870678015312,0.9570490373481937,-0.4191980053552793,0.33674240422952373,4,10458
112,2.2796577018043687,-1.6021004500214713,0.3151704774515844,-1.1770168445322895,-0.9648340242764957,0.10428828627894246,-1.5810872352127079,-0.2621964607062509,-0.9744724371813933,0.2872595456132028,-0.01179362046577237,0.8301120750622144,-0.45365584479690874,-0.5438907781899202,0.8081493922928642,4,10459
113,2.607196328642123,-1.9609245179500547,0.47458317827147606,-0.8020507486729245,-0.985205245492175,0.1364903481359249,-0.9617682468089098,-0.14247199562342397,-0.49159187993109427,-0.6600579814691494,-0.8195663410792128,0.0522062468198693,0.22739473829059748,0.2451105172751743,0.44602856980213007,4,10460
114,3.1786400525020806,-0.24798473066041588,-0.9937583538250565,-1.0806052310277732,-0.7548762768794474,-0.3855413668553336,-2.293172747951042,-0.9548813407797758,-1.2980087658705224,1.3855553754975778,2.021661966764785,1.6418250104405616,0.06415323254767094,-0.6303905979659635,1.5669454260216973,4,10461
115,1.5954196528346096,-0.9747295253121359,-0.10425870292995357,-0.11419202816882842,0.48174086866206883,0.6460941696720508,-1.303878345914557,-0.17184869288489882,-0.5399826167038527,-0.6735008321287012,0.8609025055712423,-0.9418706836716249,0.2186423213460936,0.7289551226970413,-0.6986474503253127,4,10462
116,2.6637352312468505,-1.69114872220579,-0.7910600172605825,-0.4295901316822317,1.0617587344824273,-0.522524879805057,1.2102864667154,-0.5687626233726842,-0.14526379293958136,0.11852862333715514,0.7586949869570966,0.036741079257481726,1.1065121869427552,-0.28314628526093566,0.20222516066645654,4,10463
117,-1.8187989634667325,-0.05949266190832294,-0.07872904142455951,0.3714765506843614,0.9560143741303665,0.21918389670420538,-0.8521951696332973,-0.036605038608840665,0.1810138586504625,0.32832169515641096,0.7568909940311204,0.37261602074304556,0.23775756433360498,-0.4192141140981834,-0.5618748345479024,0,10464
118,-0.19720021110076524,-0.6095948045177918,-0.3439592883189943,-0.3163021771338863,-0.43367012960438184,0.21951999469518696,-0.6231217979804073,-0.5787658087397687,-0.256630998433868,0.27987899102672986,1.7090215842344243,0.808895244802285,-0.5915266208480056,-0.4167974141127441,-0.7500594030659633,4,10465
119,1.87744230708529,-1.4954687408885927,-0.27771685608657265,-0.7482760672462948,0.006507976105840074,0.3574906340188944,-0.33555657980491005,-0.7736869080481557,-0.5279612520361697,-0.2172366647982191,1.2427678886069535,0.4030550521160853,-1.2955431306621334,-0.24598172134453647,-0.48685176326786944,4,10466
120,3.6455498457519506,-1.996016845224332,-0.2556380843912136,-1.2613047985711354,-0.5240806363463107,-1.6870810932272762,0.025387800444180916,0.5642128446091788,0.30647155651863717,0.8198419776278832,-1.5437625578475782,-0.39913490878479047,0.5066999674888204,0.005087499591681343,0.6497348591332873,3,10467
121,1.585865953629498,-0.1785185092907695,-0.48315298294613535,-0.7187985622295711,0.4203994978378677,-0.026792191275905933,-0.6038148241118348,0.20940291607523281,-0.7375178580464413,0.4062903938249253,-0.6266786288120996,-0.6642145812643379,0.30998308455350665,1.1902643940606359,-0.23184035973523556,4,10468
122,0.5670452220107648,-1.3482488035336633,-0.2173073586297924,-0.7756716438246383,0.4932210723237083,-0.0679738124982668,0.06666867888884076,0.5560956744126485,-0.27329171048752304,-0.2830349630931423,-0.5836061335859517,-0.4746195368033766,-0.4716501284360799,-0.3435886370319408,-0.3381454989998195,4,10469
123,-1.811265627505981,-0.026472510903652463,0.1540312621772588,-0.19402394431637876,-0.2839084087665956,0.1942560568594329,-0.3080987038016031,0.05138244467228089,-0.22462084454105377,-0.2532854805873385,0.14505449299434076,-0.614085639050803,0.11072515973513343,0.34546760025355144,-0.2707515560902824,0,10470
124,0.38195257353158396,0.5520158269352753,-0.9094754819173012,2.947779083515083,1.8797736908944322,-1.3257800221131513,2.2614267471961824,-1.0539277820811337,-1.63199112475432,0.8079943831105856,-0.5629866344616082,0.20473444287788006,-1.6213256939172893,0.7491459450487117,0.3176446637063594,4,10471
125,-0.07205559703157494,-1.1769258282648434,0.16668616100305614,-0.786415828246453,0.2823949572407267,0.017888218607890704,-0.027243694929237176,0.2643842906727173,-0.6312409719383053,-0.032617320025093356,-0.9424745177559977,-0.24294857472235953,0.041372651121898474,0.20259923847846256,0.020291098242549502,4,10472
126,2.6298093503361963,-2.0491961529555605,1.4960120597278852,0.8499017251934806,0.2711827844357265,2.477519947138718,-0.11295853862277243,2.4104986694393555,-0.6604116977430138,0.9227042500545927,0.6190834997580242,-0.398451593811337,0.2553956031920481,0.384666912913412,0.2055085298560205,4,10473
127,0.6287347484686343,-1.4129405836493216,2.0590407074420014,3.9177120286319798,4.68777611324279,-1.5594690066262,-1.5231441690316003,0.09461352845285714,-0.707599867998918,-0.6816291432336317,-2.760391009288161,0.2696703005621313,-0.1864342654783886,-0.8686239252936785,0.06542883026935427,4,10474
128,0.015128576006308096,-0.9720347381619948,0.35179625259631325,0.035724378823299624,0.8435093382136981,0.4277290716448957,-1.319754984783358,0.05026959599699744,-0.13072915941307456,-0.5236506118699242,0.1813579697868745,0.38196997479419353,0.06266781336020641,0.3256193308397297,0.1714584977900088,4,10475
129,-3.1563518469098764,0.2642572694854613,0.28529805007445364,-0.09921400940814293,-0.42632221564063644,-0.015478827376114513,-0.010441551528747884,0.05231470108704837,-0.011950331536048783,-0.0008958601126467798,-0.10277648351314575,0.09832759406628849,0.0005408604097174336,0.05811171532293226,0.006920866961259647,0,10512
130,-3.1570682359411224,0.2720137936179862,0.2785811148267774,-0.09017831234875645,-0.4305817194845134,-0.01855074589193796,-0.005627065722614606,0.0641616889403456,0.0150549658436289,0.01670968211910895,-0.11321968733444526,0.10380252329732281,-0.02273486482315162,0.04647301671165055,-0.029929734728195767,0,10518
131,-3.122568243785133,0.24995422151804061,0.28536204452877634,-0.135485308692487,-0.4418608518853756,-0.059771432414525004,-0.027225386014501515,0.06325836983462976,-0.0034701635665261433,0.05763739347017244,-0.11307989797218393,0.1221921453348264,-0.014638567876963196,0.05317374695487642,0.05924090880802368,0,10532
132,-3.1563518469098764,0.2642572694854613,0.28529805007445364,-0.09921400940814293,-0.42632221564063644,-0.015478827376114513,-0.010441551528747884,0.05231470108704837,-0.011950331536048783,-0.0008958601126467798,-0.10277648351314575,0.09832759406628849,0.0005408604097174336,0.05811171532293226,0.006920866961259647,0,10541
133,-3.1379097677284156,0.2507296629464838,0.2841495984949922,-0.11321916103317306,-0.42764209892264726,-0.018536516944884576,-0.0036864953355457268,0.05238871661008813,-0.017105609045506828,0.004622212739727821,-0.10325189005362231,0.09939569048064409,-0.0033628189301641823,0.05723863535124832,0.003406932098206743,0,10550
134,-3.145369744254913,0.2481920005135568,0.3037148941501078,-0.11867916439631915,-0.43540927307863553,-0.03380326410479762,-0.005526682457692595,0.06754391348474995,-0.0002615301867739533,0.02766229548576038,-0.1215160330179465,0.10316726228670087,-0.02291991065490578,0.06031815733903029,-0.010945865204865846,0,10561
135,-3.145369744254913,0.2481920005135568,0.3037148941501078,-0.11867916439631915,-0.43540927307863553,-0.03380326410479762,-0.005526682457692595,0.06754391348474995,-0.0002615301867739533,0.02766229548576038,-0.1215160330179465,0.10316726228670087,-0.02291991065490578,0.06031815733903029,-0.010945865204865846,0,10605
136,-3.1448353345249167,0.2750956554728383,0.2778641193891991,-0.09348119434768984,-0.42628845615284094,-0.008761614507229355,-0.016477734321308807,0.04842407466031704,-0.02356344591786362,-0.015832919937174256,-0.10019946967784538,0.09827692310393862,0.018541869771444067,0.055279547660078844,0.03136845299666289,0,10801
137,-3.105311184291671,0.22679748068537434,0.27833913536324867,-0.1336515139643736,-0.4242045468780479,-0.02729614109990143,0.018726844536211963,0.048851930376671994,-0.022197143298386582,0.006915387680926449,-0.09204797763578224,0.09568266575525244,-0.015895260032909194,0.053956168888941815,-0.00017647958244338476,0,11001
138,-2.210275146618456,-0.06461547112123808,-0.02023395848182156,-0.3314887689911474,-0.3239292063550704,-0.03078297114965319,-0.04931814550884539,0.06816229389335837,-0.28734910375945694,0.24408093167679423,0.2457584806197444,-0.4031803776286652,0.28804899910060217,-0.09915964188110449,-0.28348241758899,0,11004
139,-3.1153516465496947,0.2805424049520008,0.26623389332090164,-0.10480448677089732,-0.44088454450134695,-0.03688379446940299,-0.02687659336738525,0.06497309072751431,0.0013532205202859277,0.03083675146677592,-0.11579360724830334,0.11962777253909825,-0.002852801411394237,0.038460758361524315,0.04569626989531914,0,11040
140,-3.1454353802398676,0.25425466162916543,0.28778768269923005,-0.10762886266463095,-0.4250372293154536,-0.005181194251501888,-0.008811899669768737,0.05230320062758923,-0.026576756926765602,0.006746609527558414,-0.12080059163323326,0.08966721260122307,0.012483325891934727,0.04218582341519064,-0.009982496569438892,0,11096
141,8.140937657139341,0.19663774199235456,1.8633985937628534,0.4865664783811897,-0.6399495696757258,0.9803723549747572,-2.502321307795558,-2.53664907515224,0.8855779341034848,-2.140781185056999,1.696467833401366,-0.7024166988174899,0.6554843697559761,1.1315853788555668,0.7649955762253045,3,11101
142,0.08888742441778445,-1.1560845746001531,0.07033315368331217,0.038659355286083906,-0.5849902390876031,-0.2638730417063558,0.24623679188390368,-0.05989609605804258,0.37445742883322797,-0.7172775846603283,-0.4738259826555703,-0.5547322958518085,1.0560247553294353,-0.33565729666897937,-0.8260114199040929,4,11102
143,-1.1164716872058549,-0.38926483380857835,-0.22606060026116534,-0.008743394185659698,-0.2710011656968303,0.17123359014185877,-0.6734039487712167,-0.06687487032890997,-0.21609035092060164,-0.3972157885916136,0.4945498124234365,0.19253269291263259,-0.4259306658801065,-0.3808709812218788,-0.5778446595532213,0,11103
144,-1.7684725868245958,-0.17418237119344257,0.03196779094557779,-0.09732121130574595,-0.535574013925704,-0.4393108164008426,0.42385289074420035,-0.035459794915671645,0.1653767351834896,0.057458818451747155,-0.07196018383813994,-0.15574869718479933,0.5249259062503482,0.0827396506000495,-0.24803587180218586,0,11104
145,-1.1732931302235459,-0.028524715362689874,-0.38661092823892157,0.24782200121022435,1.2436759516959073,0.26473583464774253,0.11389696293038783,0.2094111482474811,0.10508384078022705,-0.27468415329699714,0.1527766632985742,-0.2210002582331019,0.341283498951719,-0.1682251216766444,-0.09373862869581083,0,11105
146,0.7687987985426438,-1.3202967053780426,0.33445671812839406,0.7794169280786774,-1.046833057605574,-1.0200756188288724,-0.15012870556396873,-0.5088138727031402,1.5389724224970835,-0.9775562171658404,-0.6034467003767765,0.8824129169664198,0.8958541137447508,0.25240707785413646,-0.49354710474200897,4,11106
147,-2.952794106158378,0.25224008893409905,0.15565416553707762,-0.10255480711918082,-0.3039610875567993,0.06291647262713423,0.4076572381797398,-0.043565207197299324,0.030165561819492544,-0.12200417817591805,-0.03152758717204673,0.1670632379597506,-0.19140460903986456,0.11639250440942049,0.15079613693137855,0,11109
148,-3.1570682359411224,0.2720137936179862,0.2785811148267774,-0.09017831234875645,-0.4305817194845134,-0.01855074589193796,-0.005627065722614606,0.0641616889403456,0.0150549658436289,0.01670968211910895,-0.11321968733444526,0.10380252329732281,-0.02273486482315162,0.04647301671165055,-0.029929734728195767,0,11122
149,15.502517455967004,12.828368830091176,8.837181236566428,-3.046651335316499,0.4935213102765376,-0.6978621287290592,4.206912711778491,2.22793751558821,-3.2187048441132258,-1.2439538539421835,0.8133574321434898,3.046743804125357,0.8564745663675774,0.15488005311250874,-1.7938513607177575,1,11201
150,-3.0382668790502776,0.47655780493690814,0.1229215895645387,0.07227532096947929,-0.47706490740140906,0.021547491991741052,-0.019065732573317992,0.15168166463257085,0.18436897882011968,0.046062988598619625,-0.1997477771804349,0.16346936425285133,-0.08075673940571769,-0.11270651230383576,-0.1663629069227686,0,11202
151,3.0880776464097877,-1.707228236733945,-0.7968987363295018,-1.967654556344067,-0.5018365282097713,-0.8905791825374598,0.8923750830938716,0.616177128581136,-0.38100204475348415,0.9631045586891757,-1.2161163242695994,-0.26253794614032333,-1.3942137817860025,-0.3373527694288467,0.11352017988923528,4,11203
152,1.762380058975177,-1.326874265450823,-0.5536619743292017,-1.2663500786540225,-0.3798555776875909,-1.5893072362191316,1.7546598543747158,0.24336343518022754,0.295483085314141,-0.18394317606223096,0.8909768505454765,-0.9531519425768432,-0.3290744484198852,0.8023540932124151,-0.16679241182847485,4,11204
153,2.9893548091314592,-0.7184602049252616,-0.5518048942695831,-0.28884417603951745,0.5774784540778719,0.29291899640423985,-1.914641550902617,-0.3611761032927177,0.06050463427801817,1.1867171069700735,1.1228516863574014,0.5094257881914612,0.01354867940945711,0.1859881732582144,-0.92974876533494,4,11205
154,5.5164798329011155,-2.5974228070369083,-0.40045718659114976,-1.5710315559747865,-1.2705887622568532,-1.3211114201766474,0.7520469658501262,-0.1506967317582579,-0.0539675089469569,0.8153420018681306,-1.056153622090253,0.346943819520067,0.8468895206351584,-0.5555060796589484,0.1998334246632061,3,11206
155,8.261974778084836,-3.7805538006689745,-0.5614614831118596,-1.637595005836466,0.07118164818880729,0.7991729257326026,-1.6815985570360727,-0.007702853252498223,-1.9126757227835944,-0.5868883796619134,-2.1673263682188377,-0.9868533281642441,1.078159429786108,-0.9578046364696193,0.07439061598080277,3,11207
156,5.028427595202564,-2.2434088589951924,1.9474170257195,1.307470568160794,-0.3655347649721567,3.215580193702087,0.31489489948945604,1.734559478104768,0.38512129647361215,-0.9832807061090554,-0.0900519153914168,-0.6124784047262946,-0.8008194849525876,2.0337206795612524,0.7758228517192356,3,11208
157,0.5388929084515346,-0.319000079285835,-1.1182313772747083,-0.6056311586670251,0.04195681845114446,-0.12629593139304085,1.5918957440595112,0.03031463673690005,-0.22169766518855544,-0.10398253124215359,0.3481863622656649,-0.9592550816277188,-0.580140803339778,-0.11337619415565806,-0.4027463537959638,4,11209
158,0.8256911594302728,-0.975732112438222,-0.33108400220683454,-0.5096156522832647,-0.6141195872902706,-0.8911465553782759,0.9018066644342225,-0.48952805648453274,0.5698443353954358,0.3658413318790331,0.6256290043911541,0.6129927337603299,-0.206958381548904,0.03377219565854357,-0.06867421546399846,4,11210
159,4.1899649116098985,-1.5617828543216374,-1.6041809962021611,-0.5011773654563063,0.12325336214242474,1.5426877895323314,0.3653587690022911,-0.545661942688314,-1.0974398336337108,-0.8560130311737237,0.13944179547765703,-1.1602456901746059,0.25421910783123675,-1.8200745465990869,-1.2948722144032059,3,11211
160,5.972647786648348,-3.8045847246219777,0.08875047598616703,-2.4771215886673437,-0.8116399194313149,-0.35601102714224603,0.05487886350805019,-0.29080476858088783,-1.466979404326167,1.14352479101097,-0.7075514513620833,0.05628875317397437,-0.6780072971469014,-1.589507315833686,-0.6126971261444455,3,11212
161,2.7000626267239456,-1.8119368609559903,-0.8005762706378245,-0.9064060353664984,0.14802848042238623,0.5244280223491109,1.0020681338468573,-0.5814928617274645,-0.3457327559417267,-0.16788649938141492,-0.19635520522086577,0.21521866180255966,-1.7951333816780428,0.3648602731976643,-0.19551792483449873,4,11213
162,1.8753011440158032,-1.4844372269989534,0.11296723647078423,0.10993581919464147,-0.1595666056797352,-1.1383058273554312,-0.02786403693097946,0.14468485837878706,1.2709648451657727,-1.010127815592994,1.0171066516877498,-0.5492408823765038,0.36373375600282787,0.3223121924026193,-0.6700309714083835,4,11214
163,4.718616877795406,-0.03252645779516196,-2.575921210082874,1.6052830364065596,0.5391276806391672,1.5054384534565428,4.700256425233317,-1.4134764359781151,2.4175005063851365,-2.361351229524442,-0.961987305065607,0.4049003675304676,-1.0440656123932857,0.05508197750951035,0.026604641382584553,2,11215
164,3.169472545945498,-1.133153231114465,-0.8136151135935611,-0.875551808831425,-0.018467625282049337,0.5397051022384523,1.3943703987771539,0.26303118977337037,0.035479352834429316,-0.2846520290079888,-3.2945247022640434,0.7438048773003736,-2.1798211965734473,0.11180937341311285,0.10033856181704705,4,11216
165,3.5081710602241656,0.14184811842826586,1.014157474684524,3.7040170102259884,0.513157315144153,3.755941177798064,0.9848055102752725,5.644756909016678,1.2672080788216362,3.3104036296890533,0.6479846714851331,0.38588886605800443,0.05638418255541136,-1.6914714958609434,0.3935809847233958,4,11217
166,1.8169542857677543,-1.023629463332687,-1.2199287306346978,-0.6733980005043179,0.01788884151283875,-0.1637934812885791,1.3391257718291,-0.09579540111086364,-0.21841657333232795,0.0011973158837660263,-0.08134205615656187,-0.6557152370636533,-0.02691172587719692,-0.22269534598078972,-1.0534474848027162,4,11218
167,3.1338834518988294,-2.5798537695938397,-0.6636306687571067,-2.00501173410144,-0.4149466042172574,-1.2673932748098073,1.1983438053318471,-0.48304117686767495,-0.5339497145913619,0.575032551029722,1.6914522984150377,-0.5465471347123052,-0.48716525987063314,-0.742648905080356,-0.06648298095178204,4,11219
168,3.283589199672601,-2.558022554776403,0.4413659080650668,0.280609596890333,0.4523535549739278,-2.755760248330736,0.7563284880373823,0.29907483841524196,2.7624130954659014,-0.6648708455736868,0.8662214290260993,0.2931702271407992,1.8252852738616285,-0.8661184902873794,0.03525593822187073,4,11220
169,4.8782770705427385,-3.6198495571008946,0.6594532018702779,-1.091050541286963,-0.3940770592943303,1.4836672369807347,-1.1806816787454242,-0.07243247602032771,-0.2990948433792329,-1.412677971852375,-1.4158716013094348,-0.7600993970058927,-1.7178794838890499,0.6695639768805882,-1.6362911433702076,3,11221
170,1.0832655243005855,-0.7465192898431117,-0.4220603009299135,1.2944643544694179,2.0443359027709342,1.0049766125584592,-0.5585190755396074,-0.1921710873128537,0.6477231533054723,-1.5730777210228934,-0.8408533745887815,0.9613613828846388,0.22254843422586199,-0.061909000471745065,-0.18316247551956885,4,11222
171,1.841546751526738,-1.2304981839763267,-0.5632247499619434,-0.6963451533948325,1.2072080223936417,-0.5614696911802154,0.7196721405104715,-0.4820202718860128,-0.27649485015372965,0.4180660535187005,1.4581025140479464,-0.3348282585608864,0.428485574198857,0.10651383040276341,0.26500729589731364,4,11223
172,3.8028066534026532,-1.4591383368211024,1.3802529986587775,1.5799074639708124,-1.672573520201757,1.9143527446250497,1.3639068413350957,1.1541692622231108,0.892508297581477,0.337397543984158,1.444971856941841,0.9917224229370128,0.3888241939256639,0.30497298990677496,1.7390840212144143,3,11224
173,1.5299112332602764,-0.6273295625142548,-0.5587890694937429,-0.48982988615084033,-0.23944505300157287,0.4674349991725533,0.46702670914544236,-0.34506512041559845,-0.04971857543619162,-0.038663651220469525,-0.11651175567935046,0.43256234092298823,-1.2997089469151286,0.3984833397143943,-0.33936123715287575,4,11225
174,2.843350077319476,-1.2720326841938459,-0.9116541235843132,-0.6056048309610378,-0.6618442714084745,-0.5413566976124576,0.03825425053680743,-0.506971774335182,0.27873866811361986,0.43525548571602973,0.7966878969761716,0.5973053866943059,-1.310062057279749,-0.32825021444046887,-0.17234400959302587,4,11226
175,-1.3895236402463234,-0.45239271431795686,-0.23563989036892913,-0.5701117066082498,-0.1739084300133552,-0.0390961558532653,0.7633703315191526,-0.07553786265096712,-0.28806941863658386,0.12260512718302374,0.3445118808487963,-0.4759548290422407,-0.09563114446838496,-0.12951242895208182,-0.3115415844303069,0,11228
176,1.8856310247822134,-0.5371006705205891,-1.5707404553142676,-1.3866692686028237,0.1666240102791022,-0.9564107839475682,2.0097330960510424,0.6839972225025128,-0.3391617885284106,-0.07368621193351053,1.20001855164757,-1.5741044721875905,-1.2877006190967502,0.018074754572045146,0.30296453315568167,4,11229
177,1.9603485536262473,-1.068783281069822,-0.44054896259880083,-1.5056972608093118,-0.7867150835766216,-1.4754284043294894,0.4566782248017153,0.04077675873977115,0.0028450004670123197,0.8306485239953246,0.7026599746144545,0.45315977812858915,-0.6276835769125393,-0.26005236960171885,0.5889892852542611,4,11230
178,3.3323828208750617,0.10546937266563333,0.6453276863392406,1.7075894570512549,-0.39954124368675675,3.4472268070435526,1.0300687946812075,0.7290662582059347,-0.16518320002720646,0.8795297184133638,2.578328523231352,-0.2479745433908764,-0.46078447378645077,-0.20410955865193695,0.06589697939443193,4,11231
179,2.4419472015735906,-1.9908160430640462,4.233304291113601,8.366600332389327,-2.2145758209144963,-2.4934982178926095,0.5381863811990477,-0.04344736775438993,-1.3789440138186866,0.052056662150415545,-0.5445694855676395,-0.3285316540748797,-0.3345772635168774,0.9659515617421921,0.4364304715433861,4,11232
180,5.200701266445014,-3.1197637384818786,0.9924334041346912,-0.0004894537808950652,-0.9720933147807298,2.852288178194819,0.1789955862941412,2.8900342414952975,-1.2240577694130894,0.9382755854270304,-1.6055652339044415,-1.704456956071549,0.1044442895506094,-0.7553640135379347,-1.0769806152340027,3,11233
181,2.550662995971741,-1.1662547240457395,-0.657928451429973,-0.3720678695007505,1.8723187475731324,0.7790309686257807,0.8054332823169137,-0.18776366442349507,-0.46496142479289687,-0.44109608021211577,-0.6543048673240182,-0.9827332040437315,-0.09233902835211931,0.5127015019924641,-0.44810407998326757,4,11234
182,3.0374269348636385,-1.7602197589611048,-0.6305582732597967,-0.38323252382634077,3.8869066724862265,-1.4401660090831214,0.9828403963338482,0.6708139605255328,1.1193231465572366,0.33434097773839644,1.3914929091826223,0.44726637729173313,0.08135825498966488,-0.21425656698793624,0.5400049500979832,4,11235
183,4.661380474372284,-2.6567784061938613,1.6252279856668534,0.6270956871960279,-0.8153011993300323,3.1592131198669127,-0.2055164167773483,1.6047019071962372,-0.527414811942575,-0.21129834188084018,1.5150567925598233,-0.3603989249266284,-1.6149250223222396,1.2524004169298417,0.295031081123511,3,11236
184,2.4981668385647446,-2.3870640646636345,0.8957664107217586,1.434506928105684,-0.3152969729211657,-0.08307020121568985,-1.3144113991582254,-0.8749813311114504,2.1629738558379943,-2.2692941825403086,0.06852633696665543,1.117255489838378,0.4227759706049963,0.9729517661866891,-1.0331753051293824,4,11237
185,3.642695132996225,0.5312290320355177,-2.0378738763884368,0.2013964555408318,-0.020606924890799724,0.8619678731950126,0.22670633237979815,-1.2070362038863005,-0.26223229690549227,0.09767716519312611,0.4442496415581527,1.1564445776154486,-0.872221459799784,0.2655156078554836,0.2945480104504071,2,11238
186,-2.079732834112311,-0.3678883992765106,0.45682745992237667,-0.24699067164575453,0.7125189482720251,-0.36069932076961586,-0.08812716485787839,0.5646452232845363,0.20208644893067723,0.3454586428887601,-0.5853783897710035,0.30968053355521097,0.2264169574444282,-0.21924911388896962,0.0927800206794731,0,11239
187,-3.1563518469098764,0.2642572694854613,0.28529805007445364,-0.09921400940814293,-0.42632221564063644,-0.015478827376114513,-0.010441551528747884,0.05231470108704837,-0.011950331536048783,-0.0008958601126467798,-0.10277648351314575,0.09832759406628849,0.0005408604097174336,0.05811171532293226,0.006920866961259647,0,11241
188,-3.135467989233696,0.3092036138577902,0.25027938296091584,-0.06064128810907718,-0.43903320819667624,-0.01126015718581448,-0.008070459695469807,0.08007441179347743,0.04583933183935449,0.02204664693356545,-0.12895206730644332,0.11465103983469166,-0.03328429656543633,0.017531284163380303,-0.05473576603629987,0,11247
189,0.013039267714209494,-0.16936948123776477,-0.0013584591764402387,-0.3151721308466135,-0.6143937830478384,0.5053926061976683,-0.5143117307882462,0.1569338039674218,-0.5187073785238676,-0.916718026294516,-0.5958356448342297,-0.347385177699736,0.37523317661173267,-0.1272986395026011,0.8556955050107385,4,11249
190,-2.637742799536391,-0.15684099889477163,0.62172049957043,0.3283743306176219,1.6035775613139978,0.06112358009701742,-0.6986729273702806,0.5605400443292853,0.591699126579401,-0.05478875803303082,-0.05893132681617975,0.08779665565732321,0.33831489892533806,0.10106039422585013,-0.1539854740627766,0,11251
191,-3.1563518469098764,0.2642572694854613,0.28529805007445364,-0.09921400940814293,-0.42632221564063644,-0.015478827376114513,-0.010441551528747884,0.05231470108704837,-0.011950331536048783,-0.0008958601126467798,-0.10277648351314575,0.09832759406628849,0.0005408604097174336,0.05811171532293226,0.006920866961259647,0,11252
192,-3.137668282288367,0.2511091088447218,0.287818689939087,-0.12530581395119006,-0.4366925596330611,-0.047246301691349864,-0.019618713588396605,0.060907355727679725,-0.002425848095762031,0.0431053288840752,-0.11050443109760472,0.1142541852327637,-0.015579094901978544,0.055763792298512804,0.0336516995139679,0,11256
193,-3.1570682359411224,0.2720137936179862,0.2785811148267774,-0.09017831234875645,-0.4305817194845134,-0.01855074589193796,-0.005627065722614606,0.0641616889403456,0.0150549658436289,0.01670968211910895,-0.11321968733444526,0.10380252329732281,-0.02273486482315162,0.04647301671165055,-0.029929734728195767,0,11352
194,3.3534033362332245,1.0131189976478703,-0.37756255795703464,0.4204926696008556,-0.24478137421178658,0.23560003426963694,-1.724294758447748,0.7684150023246294,0.7955594947508041,-3.4348637326358964,0.6686238164601307,-1.9074984200253116,-2.199675144199422,1.5105475674672366,0.8943401864763262,2,11354
195,1.1697430638574686,-0.8601374858265118,-0.6936248682918403,-0.03751262043089014,0.4165028255807869,-1.015952310138674,2.920236602290162,-0.26077138352388607,1.138398116611419,-0.5131079033316369,0.51242831546051,-0.021976374814594243,0.448512106673854,0.3385467450737193,0.7268917936465215,4,11355
196,-1.3732708460974978,-0.25300266516163733,0.18500246266714698,0.41593602091735155,1.740002315515228,0.2619595679723203,-1.0978273655778117,0.00227751186402117,0.18990398755360383,0.0762339128341568,0.667100241480284,0.3637020863308268,0.4091857445514321,-0.2509972734343825,-0.3368795024903322,0,11356
197,-1.34134983811236,-0.32962998411314265,-0.1887597773781467,-0.42359331452908333,0.5148397197723653,-0.17041586326249009,0.4201071710040935,0.33636252598312666,-0.19632978261804654,-0.049649813012953126,0.2793429113553613,-0.45806001692507975,-0.006951780189211642,-0.22291467267811255,-0.14831021214972231,0,11357
198,-0.8380387704436337,0.07714051663849328,-0.9556587325333931,-0.36822563385337237,0.31152518419672454,0.13868080932234444,1.6673897944927143,-0.09699953632711483,-0.2390422378515983,-0.2487651701506991,0.8576987125431351,-0.7178121028293157,-0.6466453166879925,0.24569972233903467,-0.04922123798433213,0,11358
199,-2.7668385520105168,0.24253140148373822,0.22726495022189178,-0.04758556448409201,-0.41715344656436204,0.17993745341006362,-0.13138245929673514,0.04825230672058143,0.03823357365746192,-0.037155861069094215,-0.07369166722371842,-0.18086839659931722,0.12927176759026704,-0.24315584668326432,-0.3707770137640166,0,11359
200,-2.275311533291971,0.16958462054504664,-0.09601996927939134,-0.2966397489782973,-0.23005865434727196,-0.03188426121061511,0.47702719716898756,0.03753596326177614,-0.31685011907142,0.0447666251381902,0.16927947920461714,-0.2609937915634878,0.03806001315678049,0.15941484985498697,0.03368480312174521,0,11360
201,-0.8803313641257314,-0.7871070432319279,0.06235924516903461,-0.18108500709560743,-0.4109653774295636,-0.01016496295528618,0.11867736885772577,-0.4746413831902996,0.027122412546115183,-0.22016613526848736,0.9065482589998878,0.254457636365497,-0.004984857075079166,-0.11177025288214264,-0.2117795514416501,0,11361
202,-1.1456159437144628,0.16615129190834235,-0.5384612683823602,-0.32683185158989064,1.707413507674203,-0.03229305816570622,1.374586454199907,-0.052258752738294514,-0.2702438464276076,0.5124978507743518,0.45590525331356563,0.07712980114343074,-0.05225432615254947,0.8302521199799114,0.3315399507770695,0,11362
203,-2.4564153717509285,0.21082704127789487,0.01053955425279966,-0.030755199896372692,-0.4369411930594217,0.23471703908949942,-0.058423935149774585,-0.02654284351477289,0.023454798273382725,0.038041483655342385,-0.18720291581546775,-0.22237979038432923,0.16912048977608587,-0.3374094568304892,-0.43491187851987617,0,11363
204,-1.239081166804533,-0.23593302858240991,-0.26458614144378706,-0.47058101182563455,0.597748255689603,0.018365726463947154,0.45088566304216093,0.139048383023661,-0.38186673274193556,0.33935852911757897,0.10079194137614238,-0.23576978017481215,0.13971273097628803,0.10041685623817138,-0.4705478085583171,0,11364
205,-0.40280444578278096,-0.8083253515423785,-0.0064634247515224785,-0.3349017695127217,0.49939175959582033,0.3159280957717893,-0.3071107192565546,-0.3133191807812166,-0.45190055569059834,-0.03267277394486962,1.226173358391628,-0.12184871884120842,-0.013712435600114434,0.35472175806047196,-0.14614208169057596,4,11365
206,-1.3968196904768713,-0.7067344747150502,0.0742054244783368,0.024039300215196846,1.8124116650575364,-0.5152751602605787,0.7993157679817742,0.3273626907069503,0.6885985962333414,0.11992690004235355,0.4189507395353036,0.0764903291607301,0.4522468994815727,-0.026021096734015835,-0.02189819041389974,0,11366
207,0.03672698971788774,0.2298666332625566,-0.7529478159183528,-0.45086511435659676,0.766789484873657,-0.0579910000957923,1.0271298639718096,-0.44050466350182854,-0.15617338414885418,0.8592973488820567,0.44719155864931465,1.2652014032131704,-0.9705578471609526,1.0591477420290454,-0.04302417905508231,4,11367
208,2.2766531477508334,-2.327950211986012,0.9030469722800251,5.358809141233105,1.1322546004810314,-3.6362786870373647,-0.2718116160133312,-1.9314588943610351,-4.397674859049671,1.0335505010570896,1.059346746792382,-0.745930304066886,-1.3657953800990978,-0.7500121789506978,-0.9616549664732813,4,11368
209,-0.6681749602608733,0.07294339632548323,-0.4331108130824292,-0.10035279531411272,-0.11192755639101659,0.4486443115366929,0.017667929432446345,-0.41423262343722794,-0.4459166244160822,-0.2693482463215248,0.7921926703370848,0.37855868341498616,-0.2214667703840473,0.1430268897887475,-0.016032394246501828,0,11369
210,-1.3458775434678993,2.823052398537886,4.2728662022759,-0.7426647280496526,1.326958312697708,0.6555350675019042,0.7075835928298599,-2.538487854014174,0.6122263171819502,0.474956780068565,-0.4692828653602688,-1.342256099067163,-0.735380275878149,-4.08444288494097,1.5320725756473355,0,11370
211,-3.072861142999631,0.2571333889765846,0.24858029618159774,-0.10416627695277095,-0.428496063883268,0.002223784935724534,-0.015286580857760758,0.03633176556527105,-0.0022065265838093063,0.048725675924736395,-0.17296223372135688,0.08516424202707917,-0.04657005462554015,0.05583150144584066,-0.024355702922169833,0,11371
212,0.6217695811426774,-0.49140106216075546,-0.308730144245735,0.07078085722912485,-0.7159346533053973,-1.11185753465943,2.035941246172713,-0.03435604730567747,1.357493353230533,-0.5379828106816683,-0.18503650541049477,0.04526366668145016,0.4738583687230454,-0.059864574865488726,0.3136069838097301,4,11372
213,1.9260662552184356,-0.7312886869702612,-0.33469461597315836,-0.8050079814174673,-0.47440998731509054,-0.0473893206195059,-0.31868999740266507,0.011664678865968304,-0.3410272698205013,-0.5260436115708366,0.3748607577189939,-0.6737624960384658,-0.7069995616285587,-1.1081858561411324,0.10251634895345631,4,11373
214,-0.9439092306216832,0.5213854915274553,-0.6832911954354579,-0.41829806766475947,0.6269064513233038,-0.5135743526372676,0.6853983606274063,0.36356418438624366,-0.3141453680852803,-0.13311585010329602,0.42298372445301474,-0.192477292833245,-0.15314477865927814,0.335597157093413,0.7840160966884409,0,11374
215,2.808165605904784,-0.35586389064927626,-0.24274455155485117,-0.1536771884507784,-0.7209766807093931,-1.858956614733463,1.509183177139913,-0.5976519426108378,1.276345715357014,-0.4947937707820704,1.7191440846157222,-0.3002526809416221,0.8452111111366762,1.2299645355032967,0.7105625151499264,4,11375
216,2.0489442688507045,-1.292118115482434,0.09061768488890648,-0.2070773244958727,0.4442624511451919,0.7326796932749727,-1.1406803649155068,0.5319437580476317,-0.3034881601825786,-1.5139231982526589,-1.0631725242179668,-1.1651350172045583,0.18370137465990255,-0.13663709257228204,-0.5806524986317976,4,11377
217,-0.37955323795422774,-0.3986384175933876,0.6310213468139128,0.3754592597385433,-0.3233114382580228,1.3924731573675173,-1.619505733432624,-0.628206594551955,-0.5370622012266928,-1.5512178249577315,0.3775396018400708,-0.23533002840206504,0.3749720468987905,0.9983039460336178,0.05513746571482855,0,11378
218,-1.224751735511482,-0.337080483213191,0.12955305170512527,-0.24732212692054584,-0.11079017152641421,0.4870232450247891,0.5160940091143954,-0.10205707619301511,-0.09880570673996072,-0.6845163721501594,0.3328244179259249,-0.6082310949571772,-0.328489717698329,0.7629353988217771,-0.13935308872657146,0,11379
219,2.5199166745629284,-0.02665887389855409,-1.66879084590879,0.2872870150489337,-0.38033393371814606,0.7073194948004974,-0.5745528496900417,-0.9748249939929468,-0.026850519822037486,0.03107027924346033,0.8103188322039446,-0.12288543532896065,-0.5847473093309433,-0.746719113758504,-0.9137621502744053,4,11385
220,-1.853474384976809,-0.7431939242377703,0.29279955759864384,-0.4555758326317403,1.7178649250601339,-0.4142424729360041,-0.022014653510683536,0.655877215541871,-0.04529262963276402,0.6629280113362973,-0.0876178067999923,-0.010977770586889425,0.09801833886054377,0.008632976521502668,-0.07672229286190918,0,11411
221,-0.3670391445320978,-0.9368819250314517,-0.4330482562015688,-0.448018715766498,1.5371895365955974,0.10284813066634109,1.0799536218396149,0.3603752587353682,-0.12424181283654083,0.2482100199880784,-0.058544388243980415,-0.3006880197568602,-0.5356075726147057,0.10050763600873527,-0.466779686821438,4,11412
222,-0.23632886987260698,-1.2771832837368082,-0.022542656099218406,-0.1678911546138622,3.2014327460948544,-0.19255416708612483,-0.026800978868726393,0.9874025516903935,0.28199732005941863,0.27072712956062395,-0.045836734425717146,-0.1306104191113015,0.49958030740921266,-0.7272673746002389,-0.30046130777924795,4,11413
223,-1.656266463582926,-0.529107050934374,0.2001883730732132,-0.07789110615923342,2.5297237034683966,-0.23853981670579158,0.05441665154694555,0.6507419261809043,0.25209162444161765,0.4364107908494512,0.2505172760910103,-0.07216828685320113,0.5355260447405654,-0.24257928445318586,-0.09218531104185673,0,11414
224,-0.8931243202083564,1.8238790232528452,3.3181095778062097,-0.6844366529559595,1.6129844827539563,0.08523369289362598,0.14214783766400843,-1.4151839392899133,0.9092984181004578,0.4624368136340857,-0.598434844456783,-1.1135111826370967,-0.8360565415977994,-1.070021982337992,0.7014233886047619,0,11415
225,-2.126830183520507,0.15176013399118016,0.06709215103291767,-0.2795892071774238,-0.3240723036566012,0.065218723136019,0.4337496603805626,-0.11203278121118901,-0.19507760134657523,-0.1722228445188443,-0.2585329856457911,0.1181034432849651,-0.03908506869608269,-0.022944827647815913,0.44384629455464614,0,11416
226,-1.1580301336657577,-0.2752756187885331,-0.08800588691735889,-0.14137888774926818,-0.3765911398278853,0.3958208682359342,-0.6881295689964853,-0.30944327488666784,-0.6279479068646054,-0.37765486144196486,0.8400644531286277,0.022182357906194345,0.26217345845359663,-0.3064349205912887,-0.021451484981312732,0,11417
227,0.12933768883406505,-1.0269060567074968,0.07440874970439285,0.1959062886499246,2.8910116731465765,-0.3385764065175143,-1.7035226366725087,0.6757322683788403,0.6896511216260697,0.4840829292044405,0.49273986422628635,0.6736022636422678,0.22304345042704263,-0.4696330141119761,0.21495166167536095,4,11418
228,-1.8665912695039406,-0.3029444858612954,-0.03557732028719163,-0.2698647002439878,0.4150903773907105,-0.18531797949866896,-0.042879184782834666,0.4039593033746311,-0.08609502491421471,0.04351420494950764,0.19886827847289734,-0.5399495185290115,0.013397757221307186,-0.11397828550794753,-0.505293701110111,0,11419
229,-1.0379736160279855,-1.2030765881861312,0.732116312667658,0.08015863093627962,5.126450637243729,-0.5597752308838579,-0.8449471800102725,1.3674203744596558,0.5260000874607068,0.6192393916528085,-0.20784223849593436,0.33522758598203506,0.9294673016753181,0.06578370561282446,0.5286809737125503,4,11420
230,-1.7897077082761987,0.2471283186826474,-0.26141288622380576,-0.26180760937796704,-0.2548061775264351,-0.06732174412257913,-0.07500160030786103,0.08672861139399553,-0.28921600499278277,0.2897329719196879,0.09069756482757406,-0.37552648753408385,0.19295891676266286,0.26969417036180243,-0.596544299400563,0,11421
231,-1.0622035428142944,-0.663757764142099,-0.04570219539060503,0.16569297156506535,1.0878279737670273,0.3498036156109053,-0.4594150055355974,-0.4380778693024259,0.0924274715291998,0.06889177442159682,1.691502172861498,1.2051982868922642,-0.5162497224202595,-0.4680755206569078,-0.17014193349139287,0,11422
232,-1.0603804345135186,-0.5255904977404695,-0.012651391669905724,5.367818354809883e-06,2.7107809751235434,-0.16981125884874557,0.10489732698023464,0.7978785987336278,0.23955587279802035,-0.08494211074998011,-0.08368968375289987,-0.0038617467819735737,0.086536091880088,-0.14175308052481142,0.2237149470845705,0,11423
233,-1.6162786686922492,-0.03109787019569314,-0.3069262838669738,-0.23422277886031734,0.05000056383218764,0.33087289374941053,1.0184189113604059,-0.3155152125730651,-0.17088587605052716,-0.17517786120972648,-0.09423716879933557,0.014930134044739654,-0.4459745649997416,0.5486837228449193,0.25750039921309786,0,11426
234,-1.9121319821783784,-0.17285318203935934,0.1165793515979404,-0.24484229672633429,1.0450655199635699,-0.19385312153936737,0.4003097486892936,0.36488573976536903,0.2378647971485924,0.2545639707154247,-0.45693078615419735,0.6118939783521916,-0.21909703316591891,-0.08908268200232208,0.7293411945687995,0,11427
235,-1.8006295625625872,-0.4314051573369455,0.2261414365829686,-0.1549105445743267,0.9850570854333643,-0.2800349765990827,-0.6311671485376413,0.11848127486013352,0.00702501898377218,0.3875566183554986,0.7668411750209457,0.5565063737311603,-0.24003759128328397,-0.0780693672775749,-0.025568824862350004,0,11428
236,-1.7361345033281899,-0.45890193369850785,0.42130239435649686,0.14316331834954846,2.344402737978845,-0.13370881303566873,-0.6401068939157355,0.8367209143435225,0.3113094037139507,-0.1897989727834449,-0.19238798244045632,0.103331199572161,0.5578993600455358,-0.372801086081178,0.294015040635434,0,11429
237,-2.7267644074161357,0.09660360451042116,0.5157569253223863,0.2786118046965661,0.9556124225711158,0.11910331084938866,-0.5664277136350647,0.2999046251350338,0.27938734682638794,-0.24557500064972732,-0.2876030368254228,0.22073401924973884,0.2686726859704249,0.3474082100193849,0.25094109989773655,0,11430
238,4.891153425494491,-0.5871043146152742,-1.45417816030437,-1.258433475980161,2.786824827012337,-2.2002343523019063,0.832977592268457,1.2883637487537658,0.3147104083911428,0.860029953744405,1.774616088923084,-1.133504786586654,-0.9820020816682276,0.4345110004747694,0.50256463940117,4,11432
239,2.261501818569358,-0.45447458311758293,1.4205617183762782,0.23456230807925596,3.990311780110815,0.5428932870323468,-2.435306968048004,0.27559760020070717,0.7088280456859481,-0.09005229682787742,-0.978182708074947,0.2645932432630128,-0.528791254888488,2.071497170083039,-0.10054060060745224,4,11433
240,1.8566973008346144,-1.6339288510748637,-0.08781654182865875,-0.5406500684501014,0.5145117800932614,0.5293505478056022,0.23571454167778175,-0.24258000670244578,-0.3594849166485849,-0.8156502485605645,-0.616911254479436,0.7150641422879151,-1.256773907117087,0.504849718677768,0.7743144804723778,4,11434
241,1.8143058977986293,0.07248243940090068,0.5064787092499892,-1.3033775928065592,0.7107887033859907,-0.18510705038169017,0.6684945697303059,-0.3138920434135579,-0.3287520585149684,0.16781732249458078,-0.6383599962181044,-0.27024463907623086,-0.8261244466410294,-0.5195296798182317,2.6168369508732305,4,11435
242,-1.816683152739583,-0.5365967952424198,0.17282894867143503,-0.05114484755705627,1.831850113287599,-0.060725815455932315,-0.37286668763130054,0.6109370612802799,-0.00710038463201119,0.22355373882869647,-0.05287619476329024,-0.17213974595957668,0.4783051004185593,-0.23559302728024667,-0.3645644110943325,0,11436
243,-3.1362980403770844,0.2991253267307621,0.2506569679196819,-0.07435934529939954,-0.4310291132457462,-0.00760838841679591,-0.008818679261136038,0.02426701639378657,0.029248730913725075,0.04852009337833363,-0.13214157913132552,0.08900811090466526,-0.013627992863932273,0.061802047940532734,-0.044950739716266994,0,11451
244,-3.1448353345249167,0.2750956554728383,0.2778641193891991,-0.09348119434768984,-0.42628845615284094,-0.008761614507229355,-0.016477734321308807,0.04842407466031704,-0.02356344591786362,-0.015832919937174256,-0.10019946967784538,0.09827692310393862,0.018541869771444067,0.055279547660078844,0.03136845299666289,0,11580
245,-3.1563518469098764,0.2642572694854613,0.28529805007445364,-0.09921400940814293,-0.42632221564063644,-0.015478827376114513,-0.010441551528747884,0.05231470108704837,-0.011950331536048783,-0.0008958601126467798,-0.10277648351314575,0.09832759406628849,0.0005408604097174336,0.05811171532293226,0.006920866961259647,0,11590
246,-3.1462681125874092,0.2906087037378883,0.26443024889384664,-0.07540980022891684,-0.4348074638405949,-0.014905451538876192,-0.0068487627090422065,0.07211805036691152,0.030447148841491724,0.01937816452633717,-0.12108587732044429,0.10922678156600724,-0.02800958069429396,0.03200215043751543,-0.04233275038224782,0,11690
247,3.687387996854406,-1.7495076397118878,-0.783532288449695,-1.233471507611067,-0.4054048892411943,0.33038040558051246,-0.1106736449729768,-0.5563233435018345,-0.8916548448689693,0.4718490625337726,0.12305496155157293,0.9231372403428123,-0.9274798824399821,-0.7639695966495911,0.6500607722214782,3,11691
248,-1.1542208026919134,-0.3683318069838898,0.10032119141113253,-0.401608779500424,-0.39121666915837067,0.22483300627419997,-0.17713315536636054,-0.38634593525833827,-0.5351505866397889,0.06779411432625651,0.48738905344402916,0.391528708686847,-0.23634946272846047,0.05472217374506031,0.33515386379186696,0,11692
249,-1.3298391022354872,-0.31324602963529713,-0.1529497230273137,-0.22218247997932236,-0.26588908302487,0.3095401121054772,-0.49176963650271416,-0.430426893535847,-0.5811234576839109,0.2716309450293048,1.2135278890860512,-0.272224110148523,0.19984859862080065,0.02442937114760554,-0.6194561163563261,0,11693
250,-0.9775312961293593,-0.8195367902447579,0.4926753349060694,0.0020882315453945735,2.3242379800277173,0.054028110139295066,-0.8452034777690739,0.702294760137937,0.3047804180113295,0.1415428326938155,0.14276592859508813,-0.4459124503644666,0.8026692194857357,0.0053431067686385775,-0.2873252602524757,0,11694
251,-3.1570682359411224,0.2720137936179862,0.2785811148267774,-0.09017831234875645,-0.4305817194845134,-0.01855074589193796,-0.005627065722614606,0.0641616889403456,0.0150549658436289,0.01670968211910895,-0.11321968733444526,0.10380252329732281,-0.02273486482315162,0.04647301671165055,-0.029929734728195767,0,11695
252,-3.077618359117842,0.33903406534347436,0.2851689693575975,-0.0908392319376577,-0.4131900188190336,-0.0196932745790558,0.02007126290392964,-0.009159947530547788,0.057709233077600265,0.06283956122579343,-0.11627620485468709,0.04967589407437189,-0.04691525712020902,0.06554269208091851,-0.07065532761155746,0,11697
253,-3.1563518469098764,0.2642572694854613,0.28529805007445364,-0.09921400940814293,-0.42632221564063644,-0.015478827376114513,-0.010441551528747884,0.05231470108704837,-0.011950331536048783,-0.0008958601126467798,-0.10277648351314575,0.09832759406628849,0.0005408604097174336,0.05811171532293226,0.006920866961259647,0,11757
254,-3.1570682359411224,0.2720137936179862,0.2785811148267774,-0.09017831234875645,-0.4305817194845134,-0.01855074589193796,-0.005627065722614606,0.0641616889403456,0.0150549658436289,0.01670968211910895,-0.11321968733444526,0.10380252329732281,-0.02273486482315162,0.04647301671165055,-0.029929734728195767,0,11782
255,-3.1494262801133748,0.2398912769591068,0.29158352918024677,-0.11895197609362615,-0.42767585841044287,-0.025253729813769735,0.002349687457015201,0.05627934303681945,-0.005492494663691963,0.019559272564255326,-0.10582890388892274,0.09944636144299399,-0.02136382829189087,0.06007080301410174,-0.021040653937196563,0,11791
256,-3.1570682359411224,0.2720137936179862,0.2785811148267774,-0.09017831234875645,-0.4305817194845134,-0.01855074589193796,-0.005627065722614606,0.0641616889403456,0.0150549658436289,0.01670968211910895,-0.11321968733444526,0.10380252329732281,-0.02273486482315162,0.04647301671165055,-0.029929734728195767,0,12121
257,-3.016867974262494,0.2418700102312721,0.268165526656602,-0.20674177188156595,-0.47803889765157725,-0.14744734747675076,-0.0804720929972354,0.07971546858327991,-0.010780371861874707,0.15936184557285316,-0.13110816609423864,0.1777578660492653,-0.008054878701855766,0.035043429549421475,0.23836537386641415,0,12206
258,-3.1570682359411224,0.2720137936179862,0.2785811148267774,-0.09017831234875645,-0.4305817194845134,-0.01855074589193796,-0.005627065722614606,0.0641616889403456,0.0150549658436289,0.01670968211910895,-0.11321968733444526,0.10380252329732281,-0.02273486482315162,0.04647301671165055,-0.029929734728195767,0,12405
259,-3.1563518469098764,0.2642572694854613,0.28529805007445364,-0.09921400940814293,-0.42632221564063644,-0.015478827376114513,-0.010441551528747884,0.05231470108704837,-0.011950331536048783,-0.0008958601126467798,-0.10277648351314575,0.09832759406628849,0.0005408604097174336,0.05811171532293226,0.006920866961259647,0,12586
260,-3.1563518469098764,0.2642572694854613,0.28529805007445364,-0.09921400940814293,-0.42632221564063644,-0.015478827376114513,-0.010441551528747884,0.05231470108704837,-0.011950331536048783,-0.0008958601126467798,-0.10277648351314575,0.09832759406628849,0.0005408604097174336,0.05811171532293226,0.006920866961259647,0,13732
261,-3.1527683207916013,0.25226399617140305,0.2902753353493976,-0.11512631920989305,-0.43152426738074656,-0.03472117096817474,-0.012012041162291804,0.05855634162072968,-0.0013815326249980303,0.028573264297977963,-0.10792896422302545,0.10631622513070099,-0.016519621926993907,0.05835383764214924,0.008062490219912129,0,14209
262,-3.1564173714279007,0.24551395323119976,0.2944812336445682,-0.10740141491516193,-0.4328798606147153,-0.02595825601217987,-0.0021962190895918766,0.05903623814121289,0.002341363737892499,0.01712861244731211,-0.11274674452868289,0.0987795999877428,-0.016063646423310558,0.06022342928861396,-0.020312239245777897,0,18439
263,-3.1570682359411224,0.2720137936179862,0.2785811148267774,-0.09017831234875645,-0.4305817194845134,-0.01855074589193796,-0.005627065722614606,0.0641616889403456,0.0150549658436289,0.01670968211910895,-0.11321968733444526,0.10380252329732281,-0.02273486482315162,0.04647301671165055,-0.029929734728195767,0,48203
