ADULT SERVICES,CAMPS,CHILD SERVICES AND WELFARE,"CITY AGENCY PARKING, MAINTENANCE, AND STORAGE",CULTURAL INSTITUTIONS,DAY CARE AND PRE-KINDERGARTEN,EMERGENCY SERVICES,HEALTH CARE,HIGHER EDUCATION,HISTORICAL SITES,HUMAN SERVICES,JUSTICE AND CORRECTIONS,LIBRARIES,MATERIAL SUPPLIES AND MARKETS,"OFFICES, TRAINING, AND TESTING",OTHER PROPERTY,PARKS AND PLAZAS,PUBLIC SAFETY,SCHOOLS (K-12),SOLID WASTE,TELECOMMUNICATIONS,TRANSPORTATION,VOCATIONAL AND PROPRIETARY SCHOOLS,WATER AND WASTEWATER,YOUTH SERVICES,zip,revised_market_value,Cluster,year,felony_arrest_count,other_arrest_count,misdemeanor_arrest_count,violation_arrest_count,borough
0.0,2.0,11.0,1.0,80.0,16.0,1.0,36.0,5.0,15.0,37.0,0.0,2.0,0.0,6.0,0.0,17.0,0.0,8.0,11.0,1.0,57.0,52.0,0.0,38.0,10001,4866891.647969052,2,2016.0,6.0,0.0,3.0,0.0,Manhattan
8.0,2.0,29.0,9.0,58.0,52.0,3.0,55.0,0.0,18.0,49.0,0.0,3.0,1.0,2.0,1.0,32.0,2.0,36.0,20.0,0.0,26.0,2.0,0.0,137.0,10002,13677828.509433962,0,,,,,,Manhattan
0.0,6.0,11.0,2.0,109.0,18.0,3.0,30.0,5.0,43.0,14.0,0.0,1.0,0.0,3.0,0.0,21.0,2.0,26.0,18.0,0.0,60.0,6.0,0.0,23.0,10003,9624303.958333334,2,,,,,,Manhattan
0.0,1.0,4.0,0.0,21.0,6.0,0.0,24.0,5.0,24.0,11.0,1.0,1.0,0.0,13.0,0.0,24.0,0.0,11.0,5.0,0.0,17.0,5.0,0.0,35.0,10004,12187725.782608695,2,,,,,,Manhattan
0.0,1.0,1.0,0.0,7.0,4.0,1.0,9.0,0.0,13.0,9.0,0.0,0.0,0.0,6.0,0.0,17.0,0.0,4.0,2.0,0.0,6.0,2.0,0.0,17.0,10005,1260645.2926829269,3,,,,,,Manhattan
0.0,0.0,0.0,1.0,4.0,1.0,1.0,8.0,1.0,8.0,8.0,0.0,0.0,0.0,5.0,0.0,9.0,0.0,5.0,0.0,0.0,4.0,3.0,0.0,13.0,10006,3057819.7073170734,3,,,,,,Manhattan
1.0,0.0,0.0,6.0,16.0,12.0,1.0,6.0,2.0,24.0,9.0,7.0,3.0,0.0,70.0,0.0,9.0,0.0,6.0,1.0,0.0,15.0,7.0,0.0,6.0,10007,1449059.879120879,2,,,,,,Manhattan
0.0,1.0,21.0,2.0,37.0,24.0,1.0,13.0,0.0,5.0,22.0,0.0,1.0,0.0,1.0,0.0,43.0,1.0,15.0,21.0,0.0,7.0,1.0,1.0,56.0,10009,790029.0,1,2016.0,0.0,0.0,1.0,0.0,Manhattan
0.0,2.0,7.0,1.0,20.0,12.0,0.0,25.0,3.0,16.0,3.0,1.0,2.0,0.0,2.0,0.0,13.0,0.0,12.0,13.0,0.0,34.0,8.0,0.0,20.0,10010,2389469.341968912,2,2016.0,0.0,0.0,1.0,0.0,Manhattan
0.0,2.0,7.0,0.0,80.0,22.0,2.0,34.0,7.0,16.0,21.0,0.0,4.0,0.0,0.0,0.0,10.0,1.0,22.0,23.0,0.0,61.0,10.0,0.0,28.0,10011,1707689.473474801,2,,,,,,Manhattan
0.0,1.0,1.0,1.0,41.0,7.0,2.0,12.0,4.0,19.0,1.0,0.0,3.0,0.0,0.0,0.0,7.0,0.0,1.0,9.0,0.0,15.0,1.0,0.0,13.0,10012,2785900.484375,2,,,,,,Manhattan
2.0,4.0,8.0,6.0,85.0,24.0,2.0,16.0,2.0,18.0,25.0,7.0,0.0,0.0,31.0,0.0,17.0,3.0,7.0,11.0,0.0,39.0,8.0,1.0,38.0,10013,1058674.7702702703,2,2016.0,1.0,0.0,3.0,0.0,Manhattan
0.0,3.0,5.0,1.0,47.0,12.0,2.0,12.0,0.0,15.0,4.0,1.0,2.0,0.0,0.0,0.0,20.0,1.0,11.0,17.0,0.0,30.0,1.0,0.0,11.0,10014,2864395.461538461,2,2016.0,14.0,0.0,43.0,0.0,Manhattan
0.0,2.0,4.0,1.0,32.0,16.0,3.0,52.0,4.0,23.0,4.0,1.0,3.0,0.0,2.0,0.0,41.0,0.0,12.0,9.0,0.0,98.0,13.0,0.0,7.0,10016,5469697.488203267,2,2016.0,0.0,0.0,2.0,0.0,Manhattan
0.0,2.0,2.0,0.0,20.0,14.0,0.0,13.0,3.0,11.0,6.0,0.0,4.0,0.0,4.0,0.0,41.0,0.0,4.0,7.0,0.0,48.0,15.0,0.0,8.0,10017,26233343.99305556,2,,,,,,Manhattan
0.0,0.0,3.0,1.0,73.0,3.0,2.0,48.0,2.0,10.0,12.0,0.0,0.0,0.0,0.0,0.0,7.0,1.0,2.0,10.0,0.0,33.0,37.0,1.0,18.0,10018,2702798.273504273,2,,,,,,Manhattan
0.0,1.0,8.0,4.0,53.0,18.0,1.0,17.0,2.0,16.0,11.0,2.0,2.0,0.0,3.0,0.0,44.0,2.0,22.0,12.0,1.0,114.0,10.0,0.0,26.0,10019,5799146.102685624,2,,,,,,Manhattan
0.0,0.0,1.0,0.0,3.0,3.0,0.0,4.0,0.0,2.0,2.0,0.0,0.0,0.0,0.0,0.0,1.0,0.0,0.0,0.0,0.0,1.0,0.0,0.0,0.0,10020,5541957.0,3,2016.0,3.0,0.0,32.0,1.0,Manhattan
0.0,2.0,2.0,0.0,18.0,17.0,1.0,21.0,2.0,6.0,6.0,0.0,0.0,0.0,0.0,0.0,16.0,0.0,8.0,8.0,0.0,84.0,0.0,0.0,12.0,10021,1923309.9075268817,2,2016.0,10.0,2.0,19.0,0.0,Manhattan
0.0,5.0,1.0,0.0,19.0,14.0,1.0,11.0,1.0,16.0,5.0,0.0,4.0,0.0,2.0,0.0,58.0,1.0,5.0,7.0,0.0,76.0,1.0,0.0,8.0,10022,4015180.9,2,2016.0,0.0,0.0,4.0,0.0,Manhattan
0.0,8.0,10.0,1.0,64.0,30.0,1.0,10.0,2.0,20.0,10.0,0.0,4.0,0.0,1.0,0.0,28.0,0.0,26.0,16.0,0.0,57.0,4.0,0.0,25.0,10023,6752849.7677595625,2,2016.0,1.0,0.0,37.0,0.0,Manhattan
1.0,6.0,5.0,0.0,35.0,28.0,2.0,16.0,1.0,21.0,7.0,0.0,1.0,0.0,1.0,0.0,10.0,1.0,29.0,17.0,0.0,33.0,0.0,0.0,26.0,10024,661966.5766550523,2,2016.0,3.0,1.0,65.0,1.0,Manhattan
1.0,4.0,13.0,0.0,62.0,49.0,2.0,40.0,1.0,18.0,16.0,0.0,2.0,0.0,0.0,0.0,11.0,1.0,26.0,20.0,0.0,43.0,1.0,0.0,37.0,10025,1369975.917475728,2,2016.0,4.0,0.0,44.0,0.0,Manhattan
0.0,2.0,11.0,0.0,16.0,20.0,0.0,7.0,1.0,6.0,10.0,0.0,1.0,0.0,1.0,0.0,11.0,0.0,16.0,7.0,0.0,11.0,1.0,0.0,28.0,10026,951349.0,3,,,,,,Manhattan
1.0,4.0,26.0,3.0,46.0,41.0,1.0,78.0,7.0,26.0,55.0,0.0,3.0,0.0,11.0,0.0,25.0,2.0,42.0,18.0,0.0,22.0,2.0,1.0,76.0,10027,15462675.533333331,0,2016.0,0.0,0.0,1.0,0.0,Manhattan
0.0,4.0,2.0,0.0,8.0,21.0,1.0,6.0,0.0,12.0,1.0,0.0,0.0,0.0,0.0,0.0,16.0,0.0,11.0,7.0,0.0,61.0,0.0,0.0,0.0,10028,2362416.245421245,3,2016.0,0.0,0.0,55.0,0.0,Manhattan
2.0,2.0,35.0,5.0,23.0,62.0,4.0,63.0,1.0,6.0,43.0,0.0,4.0,0.0,3.0,0.0,25.0,1.0,52.0,12.0,0.0,28.0,0.0,1.0,104.0,10029,396893.390625,0,2016.0,0.0,1.0,8.0,0.0,Manhattan
1.0,1.0,10.0,8.0,16.0,11.0,2.0,18.0,0.0,11.0,14.0,0.0,2.0,0.0,0.0,0.0,9.0,1.0,20.0,7.0,0.0,7.0,0.0,0.0,25.0,10030,4776666.666666667,1,,,,,,Manhattan
0.0,0.0,14.0,1.0,17.0,16.0,1.0,16.0,1.0,14.0,9.0,0.0,1.0,0.0,0.0,0.0,16.0,1.0,12.0,12.0,0.0,9.0,0.0,1.0,31.0,10031,1593428.5714285714,1,2016.0,10.0,0.0,30.0,0.0,Manhattan
2.0,0.0,9.0,3.0,19.0,23.0,3.0,35.0,1.0,15.0,9.0,1.0,1.0,0.0,1.0,1.0,14.0,1.0,17.0,6.0,0.0,15.0,0.0,0.0,53.0,10032,2409600.0,1,2016.0,8.0,0.0,24.0,0.0,Manhattan
3.0,1.0,5.0,0.0,23.0,22.0,1.0,7.0,2.0,7.0,15.0,0.0,1.0,0.0,0.0,0.0,9.0,1.0,18.0,9.0,0.0,14.0,0.0,0.0,40.0,10033,407486.5,1,,,,,,Manhattan
3.0,2.0,10.0,7.0,17.0,15.0,1.0,21.0,0.0,4.0,13.0,0.0,1.0,0.0,1.0,0.0,7.0,0.0,23.0,10.0,0.0,27.0,1.0,0.0,47.0,10034,3799877.3125,1,2016.0,7.0,0.0,34.0,0.0,Manhattan
0.0,1.0,20.0,11.0,14.0,22.0,1.0,90.0,4.0,7.0,35.0,1.0,1.0,0.0,9.0,0.0,32.0,2.0,33.0,19.0,0.0,27.0,0.0,3.0,52.0,10035,330937.75,0,,,,,,Manhattan
0.0,0.0,2.0,0.0,82.0,7.0,3.0,19.0,2.0,23.0,9.0,0.0,1.0,0.0,1.0,0.0,24.0,0.0,9.0,10.0,0.0,66.0,14.0,0.0,25.0,10036,3377065.939163498,2,2016.0,0.0,0.0,4.0,0.0,Manhattan
0.0,1.0,12.0,1.0,5.0,13.0,1.0,22.0,0.0,2.0,13.0,0.0,0.0,0.0,1.0,0.0,9.0,0.0,7.0,4.0,0.0,4.0,0.0,0.0,10.0,10037,1072250.0,3,,,,,,Manhattan
1.0,1.0,4.0,1.0,21.0,16.0,1.0,26.0,1.0,14.0,27.0,0.0,0.0,0.0,28.0,0.0,26.0,0.0,12.0,3.0,0.0,31.0,6.0,0.0,25.0,10038,3161020.9929577466,2,,,,,,Manhattan
1.0,1.0,2.0,0.0,11.0,10.0,0.0,11.0,0.0,4.0,5.0,0.0,0.0,0.0,0.0,0.0,2.0,0.0,15.0,3.0,0.0,18.0,0.0,0.0,34.0,10040,1410072.9069767443,3,,,,,,Manhattan
0.0,0.0,0.0,0.0,0.0,0.0,0.0,3.0,0.0,0.0,0.0,0.0,0.0,0.0,0.0,0.0,1.0,0.0,0.0,0.0,0.0,2.0,0.0,0.0,0.0,10041,116250.0,3,,,,,,Manhattan
0.0,2.0,0.0,0.0,6.0,7.0,0.0,1.0,1.0,7.0,1.0,0.0,1.0,0.0,0.0,0.0,12.0,0.0,5.0,4.0,0.0,2.0,0.0,2.0,5.0,10044,11852892.6,3,2016.0,2.0,0.0,5.0,0.0,Manhattan
0.0,1.0,4.0,0.0,11.0,17.0,1.0,36.0,4.0,17.0,0.0,0.0,2.0,0.0,0.0,0.0,13.0,1.0,11.0,8.0,0.0,65.0,0.0,0.0,8.0,10065,6826939.577777778,2,2016.0,6.0,1.0,10.0,0.0,
0.0,1.0,0.0,0.0,0.0,8.0,0.0,0.0,0.0,0.0,0.0,0.0,0.0,0.0,0.0,0.0,0.0,0.0,1.0,0.0,0.0,15.0,0.0,0.0,0.0,10069,413813.6666666667,3,2016.0,0.0,0.0,4.0,0.0,Manhattan
0.0,1.0,0.0,0.0,7.0,10.0,0.0,5.0,1.0,8.0,2.0,0.0,3.0,0.0,0.0,0.0,10.0,0.0,8.0,2.0,0.0,36.0,0.0,0.0,3.0,10075,1189494.1931540342,3,,,,,,
0.0,0.0,0.0,0.0,4.0,0.0,0.0,0.0,0.0,0.0,0.0,0.0,0.0,0.0,0.0,0.0,0.0,0.0,0.0,0.0,0.0,0.0,0.0,0.0,0.0,10101,216614.0,3,,,,,,
0.0,0.0,0.0,0.0,0.0,0.0,0.0,0.0,0.0,0.0,0.0,0.0,1.0,0.0,0.0,0.0,0.0,0.0,0.0,0.0,0.0,2.0,0.0,0.0,0.0,10103,198216.0,3,,,,,,Manhattan
0.0,0.0,0.0,0.0,0.0,0.0,0.0,0.0,0.0,0.0,0.0,0.0,0.0,0.0,0.0,0.0,1.0,0.0,0.0,0.0,0.0,1.0,0.0,0.0,0.0,10106,2416471.0,3,,,,,,Manhattan
0.0,0.0,0.0,0.0,1.0,0.0,0.0,0.0,0.0,0.0,0.0,0.0,0.0,0.0,0.0,0.0,0.0,0.0,0.0,0.0,0.0,0.0,0.0,0.0,0.0,10107,170282.55172413794,3,,,,,,Manhattan
0.0,0.0,0.0,0.0,12.0,0.0,0.0,0.0,0.0,0.0,0.0,0.0,0.0,0.0,0.0,0.0,0.0,0.0,0.0,0.0,0.0,0.0,0.0,0.0,0.0,10108,364022.0,3,,,,,,
0.0,0.0,0.0,0.0,1.0,0.0,0.0,0.0,0.0,0.0,0.0,0.0,0.0,0.0,0.0,0.0,0.0,0.0,0.0,0.0,0.0,0.0,0.0,0.0,0.0,10111,689455.0,3,,,,,,Manhattan
0.0,0.0,0.0,0.0,2.0,0.0,0.0,0.0,0.0,0.0,0.0,0.0,0.0,0.0,0.0,0.0,0.0,0.0,0.0,0.0,0.0,0.0,0.0,0.0,0.0,10116,5344000.0,3,,,,,,
0.0,0.0,0.0,0.0,0.0,0.0,0.0,0.0,0.0,0.0,1.0,0.0,0.0,0.0,0.0,0.0,0.0,0.0,0.0,0.0,0.0,0.0,3.0,0.0,0.0,10118,638116.5,3,,,,,,Manhattan
0.0,0.0,0.0,0.0,1.0,0.0,0.0,0.0,0.0,0.0,0.0,0.0,0.0,0.0,0.0,0.0,1.0,0.0,0.0,0.0,0.0,2.0,2.0,0.0,0.0,10119,1997889.0,3,,,,,,Manhattan
0.0,10.0,5.0,0.0,19.0,32.0,0.0,14.0,0.0,15.0,8.0,0.0,1.0,0.0,1.0,0.0,28.0,0.0,25.0,17.0,0.0,59.0,0.0,0.0,22.0,10128,1659966.7417218543,2,2016.0,2.0,0.0,6.0,0.0,Manhattan
0.0,0.0,0.0,0.0,4.0,0.0,0.0,0.0,0.0,0.0,0.0,0.0,0.0,0.0,0.0,0.0,0.0,0.0,0.0,0.0,0.0,0.0,0.0,0.0,0.0,10150,278970.3333333333,3,,,,,,
0.0,0.0,0.0,0.0,0.0,0.0,0.0,0.0,0.0,1.0,0.0,0.0,0.0,0.0,0.0,0.0,0.0,0.0,0.0,0.0,0.0,1.0,0.0,0.0,0.0,10152,406379.0,3,,,,,,Manhattan
0.0,0.0,0.0,0.0,0.0,0.0,0.0,0.0,0.0,0.0,0.0,0.0,0.0,0.0,0.0,0.0,1.0,0.0,0.0,0.0,0.0,2.0,0.0,0.0,0.0,10154,29635597.0,3,,,,,,Manhattan
0.0,0.0,0.0,0.0,0.0,0.0,0.0,0.0,0.0,0.0,0.0,0.0,0.0,0.0,0.0,0.0,1.0,0.0,0.0,0.0,0.0,2.0,0.0,0.0,0.0,10155,3941843.75,3,,,,,,Manhattan
0.0,0.0,0.0,0.0,1.0,0.0,0.0,0.0,0.0,0.0,0.0,0.0,0.0,0.0,0.0,0.0,0.0,0.0,0.0,0.0,0.0,0.0,0.0,0.0,0.0,10156,13492000.0,3,,,,,,
0.0,0.0,0.0,0.0,1.0,0.0,0.0,0.0,0.0,0.0,0.0,0.0,0.0,0.0,0.0,0.0,0.0,0.0,0.0,0.0,0.0,0.0,0.0,0.0,0.0,10159,371671.0,3,,,,,,
0.0,0.0,0.0,0.0,0.0,0.0,0.0,0.0,0.0,0.0,0.0,0.0,0.0,0.0,0.0,0.0,0.0,0.0,0.0,0.0,0.0,1.0,1.0,0.0,0.0,10162,252350.0,3,,,,,,Manhattan
0.0,0.0,0.0,0.0,13.0,0.0,0.0,0.0,0.0,0.0,0.0,0.0,0.0,0.0,0.0,0.0,0.0,0.0,0.0,0.0,0.0,0.0,0.0,0.0,0.0,10163,1035419.0,3,,,,,,
0.0,0.0,0.0,0.0,1.0,0.0,0.0,0.0,0.0,0.0,0.0,0.0,0.0,0.0,0.0,0.0,0.0,0.0,0.0,0.0,0.0,0.0,0.0,0.0,0.0,10168,6372050.0,3,,,,,,Manhattan
0.0,0.0,0.0,0.0,0.0,0.0,0.0,0.0,0.0,0.0,0.0,0.0,0.0,0.0,0.0,0.0,0.0,0.0,0.0,0.0,0.0,0.0,1.0,0.0,0.0,10169,586639.5,3,,,,,,Manhattan
0.0,0.0,0.0,0.0,1.0,0.0,0.0,0.0,0.0,0.0,0.0,0.0,0.0,0.0,0.0,0.0,0.0,0.0,0.0,0.0,0.0,0.0,0.0,0.0,2.0,10170,7410639.692307692,3,,,,,,Manhattan
0.0,0.0,0.0,0.0,0.0,0.0,0.0,0.0,0.0,0.0,0.0,0.0,0.0,0.0,0.0,0.0,1.0,0.0,0.0,0.0,0.0,0.0,0.0,0.0,0.0,10171,591110.0,3,,,,,,Manhattan
0.0,0.0,0.0,0.0,0.0,0.0,0.0,0.0,0.0,0.0,0.0,0.0,0.0,0.0,0.0,0.0,0.0,0.0,0.0,0.0,0.0,2.0,0.0,0.0,0.0,10172,357685.0833333333,3,,,,,,Manhattan
0.0,0.0,0.0,0.0,2.0,0.0,0.0,0.0,0.0,0.0,1.0,0.0,0.0,0.0,0.0,0.0,0.0,0.0,0.0,0.0,0.0,0.0,0.0,0.0,4.0,10271,908000.0,3,,,,,,Manhattan
0.0,0.0,0.0,0.0,1.0,0.0,0.0,0.0,0.0,0.0,0.0,0.0,0.0,0.0,0.0,0.0,0.0,0.0,0.0,0.0,0.0,0.0,0.0,0.0,0.0,10274,460268.0,3,,,,,,
0.0,0.0,0.0,0.0,1.0,0.0,0.0,0.0,0.0,0.0,0.0,0.0,0.0,0.0,0.0,0.0,0.0,0.0,0.0,0.0,0.0,1.0,0.0,0.0,0.0,10279,490735.0,3,,,,,,Manhattan
0.0,2.0,0.0,0.0,4.0,5.0,0.0,0.0,0.0,0.0,0.0,0.0,0.0,0.0,0.0,0.0,1.0,0.0,2.0,3.0,0.0,19.0,0.0,0.0,3.0,10280,294419.16949152545,3,,,,,,Manhattan
0.0,1.0,1.0,0.0,2.0,2.0,0.0,0.0,0.0,0.0,0.0,0.0,1.0,0.0,0.0,0.0,0.0,0.0,3.0,2.0,0.0,13.0,0.0,0.0,3.0,10282,413713.5,3,,,,,,Manhattan
2.0,2.0,22.0,7.0,13.0,19.0,1.0,38.0,2.0,9.0,44.0,4.0,1.0,0.0,33.0,0.0,24.0,1.0,24.0,17.0,1.0,28.0,2.0,2.0,47.0,10301,1382337.4225352113,0,2016.0,26.0,0.0,65.0,0.0,Staten
1.0,0.0,10.0,0.0,4.0,3.0,1.0,9.0,0.0,2.0,12.0,0.0,1.0,0.0,0.0,0.0,5.0,0.0,9.0,6.0,0.0,16.0,1.0,0.0,17.0,10302,397001.3783783784,3,2016.0,41.0,0.0,95.0,0.0,Staten
1.0,1.0,9.0,1.0,2.0,16.0,1.0,6.0,0.0,0.0,7.0,0.0,1.0,2.0,0.0,0.0,13.0,1.0,4.0,10.0,0.0,37.0,1.0,0.0,11.0,10303,305987.0740740741,1,2016.0,56.0,1.0,161.0,0.0,Staten
2.0,3.0,13.0,1.0,9.0,23.0,4.0,15.0,0.0,9.0,18.0,0.0,2.0,0.0,2.0,0.0,11.0,0.0,18.0,12.0,0.0,10.0,2.0,0.0,46.0,10304,688321.130952381,1,2016.0,41.0,0.0,141.0,0.0,Staten
0.0,1.0,7.0,2.0,7.0,27.0,2.0,33.0,0.0,9.0,5.0,0.0,1.0,0.0,1.0,0.0,13.0,2.0,13.0,10.0,0.0,1.0,3.0,1.0,12.0,10305,491752.4537815126,1,2016.0,75.0,2.0,198.0,0.0,Staten
1.0,1.0,10.0,0.0,5.0,30.0,1.0,7.0,0.0,8.0,7.0,0.0,2.0,0.0,0.0,0.0,15.0,1.0,15.0,5.0,0.0,4.0,4.0,2.0,21.0,10306,449324.0315789474,1,2016.0,100.0,0.0,222.0,0.0,Staten
0.0,1.0,2.0,1.0,1.0,3.0,1.0,0.0,0.0,2.0,0.0,0.0,1.0,0.0,0.0,0.0,6.0,1.0,4.0,1.0,0.0,1.0,0.0,0.0,5.0,10307,526927.3461538461,3,2016.0,20.0,0.0,39.0,0.0,Staten
0.0,1.0,4.0,0.0,0.0,9.0,1.0,0.0,0.0,1.0,1.0,0.0,1.0,0.0,0.0,1.0,6.0,0.0,7.0,4.0,0.0,2.0,0.0,1.0,6.0,10308,388916.55,3,2016.0,26.0,0.0,53.0,0.0,Staten
0.0,2.0,11.0,2.0,2.0,20.0,1.0,11.0,0.0,3.0,4.0,0.0,1.0,0.0,2.0,0.0,22.0,1.0,6.0,13.0,1.0,25.0,0.0,1.0,12.0,10309,868416.7261904762,1,2016.0,56.0,2.0,241.0,0.0,Staten
2.0,3.0,11.0,5.0,10.0,19.0,2.0,13.0,0.0,8.0,6.0,1.0,1.0,0.0,0.0,0.0,9.0,1.0,8.0,14.0,0.0,24.0,0.0,2.0,22.0,10310,458591.4666666667,1,2016.0,40.0,1.0,86.0,1.0,Staten
2.0,2.0,2.0,3.0,1.0,22.0,2.0,5.0,0.0,4.0,6.0,0.0,1.0,0.0,0.0,0.0,24.0,0.0,14.0,4.0,0.0,5.0,0.0,3.0,15.0,10312,495126.36554621847,1,2016.0,51.0,0.0,213.0,0.0,Staten
6.0,5.0,18.0,6.0,8.0,54.0,4.0,34.0,2.0,6.0,18.0,0.0,1.0,0.0,5.0,0.0,35.0,2.0,34.0,30.0,0.0,16.0,4.0,3.0,26.0,10314,527829.6203208556,0,2016.0,147.0,3.0,573.0,0.0,Staten
2.0,2.0,26.0,12.0,15.0,31.0,3.0,51.0,2.0,7.0,52.0,5.0,1.0,0.0,30.0,1.0,31.0,1.0,44.0,16.0,0.0,48.0,3.0,0.0,58.0,10451,3338416.6666666665,0,,,,,,Bronx
0.0,1.0,15.0,7.0,4.0,38.0,2.0,25.0,0.0,2.0,19.0,0.0,1.0,0.0,1.0,0.0,32.0,2.0,37.0,13.0,0.0,34.0,0.0,0.0,72.0,10452,1540250.0,0,,,,,,Bronx
2.0,0.0,17.0,1.0,7.0,33.0,2.0,34.0,1.0,1.0,19.0,0.0,2.0,0.0,4.0,0.0,26.0,0.0,32.0,9.0,0.0,34.0,0.0,0.0,60.0,10453,385000.0,1,,,,,,Bronx
2.0,0.0,18.0,5.0,5.0,24.0,2.0,20.0,0.0,1.0,28.0,0.0,1.0,0.0,0.0,0.0,18.0,1.0,43.0,23.0,1.0,24.0,1.0,1.0,57.0,10454,2071020.4,0,2016.0,1.0,1.0,7.0,0.0,Bronx
4.0,0.0,19.0,3.0,1.0,29.0,2.0,54.0,0.0,8.0,42.0,1.0,0.0,0.0,2.0,0.0,14.0,3.0,36.0,6.0,0.0,16.0,7.0,0.0,60.0,10455,571000.0,0,2016.0,0.0,0.0,1.0,0.0,Bronx
4.0,1.0,37.0,4.0,4.0,44.0,3.0,57.0,0.0,4.0,49.0,0.0,2.0,0.0,0.0,0.0,31.0,0.0,65.0,9.0,0.0,26.0,2.0,0.0,98.0,10456,3532370.6666666665,0,,,,,,Bronx
1.0,0.0,33.0,9.0,2.0,48.0,6.0,59.0,1.0,3.0,42.0,0.0,2.0,0.0,13.0,0.0,36.0,3.0,57.0,17.0,0.0,38.0,1.0,0.0,76.0,10457,1903690.7692307688,0,,,,,,Bronx
3.0,0.0,11.0,0.0,8.0,29.0,2.0,32.0,1.0,2.0,22.0,0.0,2.0,0.0,3.0,0.0,15.0,1.0,27.0,13.0,0.0,35.0,11.0,0.0,39.0,10458,2152755.571428572,1,2016.0,9.0,0.0,35.0,0.0,Bronx
0.0,0.0,21.0,3.0,2.0,21.0,1.0,40.0,0.0,1.0,28.0,0.0,1.0,0.0,2.0,0.0,26.0,2.0,22.0,11.0,0.0,20.0,1.0,0.0,44.0,10459,583222.8666666667,1,,,,,,Bronx
1.0,0.0,20.0,6.0,3.0,29.0,1.0,26.0,0.0,2.0,22.0,0.0,1.0,0.0,0.0,0.0,27.0,1.0,29.0,14.0,0.0,24.0,1.0,0.0,62.0,10460,1113611.111111111,1,2016.0,4.0,0.0,9.0,0.0,Bronx
0.0,0.0,15.0,0.0,7.0,26.0,2.0,76.0,2.0,3.0,15.0,0.0,2.0,0.0,4.0,0.0,14.0,3.0,28.0,9.0,0.0,52.0,1.0,0.0,14.0,10461,974539.6825396824,1,2016.0,68.0,0.0,132.0,0.0,Bronx
0.0,0.0,10.0,6.0,8.0,19.0,2.0,10.0,0.0,3.0,12.0,0.0,3.0,0.0,2.0,0.0,10.0,1.0,21.0,14.0,0.0,28.0,2.0,1.0,31.0,10462,2251756.316666667,1,2016.0,64.0,0.0,156.0,1.0,Bronx
2.0,3.0,12.0,0.0,4.0,42.0,1.0,21.0,0.0,4.0,13.0,0.0,3.0,0.0,1.0,0.0,24.0,1.0,32.0,11.0,0.0,25.0,0.0,2.0,55.0,10463,4411306.308641976,1,2016.0,1.0,0.0,18.0,0.0,Bronx
0.0,0.0,3.0,0.0,5.0,0.0,1.0,0.0,0.0,4.0,1.0,0.0,1.0,0.0,0.0,0.0,4.0,1.0,1.0,3.0,0.0,5.0,0.0,2.0,4.0,10464,469348.6470588236,3,2016.0,3.0,0.0,12.0,0.0,Bronx
0.0,1.0,5.0,0.0,0.0,19.0,2.0,5.0,1.0,1.0,4.0,0.0,1.0,0.0,0.0,0.0,6.0,2.0,19.0,4.0,0.0,6.0,1.0,0.0,21.0,10465,4899834.714285715,3,2016.0,45.0,0.0,161.0,0.0,Bronx
0.0,2.0,16.0,1.0,0.0,36.0,2.0,18.0,0.0,1.0,18.0,0.0,2.0,0.0,5.0,0.0,4.0,2.0,28.0,19.0,0.0,19.0,1.0,0.0,19.0,10466,891270.6458333334,1,2016.0,126.0,0.0,276.0,1.0,Bronx
2.0,0.0,26.0,2.0,4.0,38.0,1.0,57.0,0.0,10.0,35.0,0.0,2.0,0.0,0.0,0.0,12.0,0.0,29.0,16.0,0.0,21.0,3.0,1.0,77.0,10467,5217551.8,0,2016.0,59.0,0.0,130.0,1.0,Bronx
0.0,0.0,16.0,4.0,6.0,26.0,1.0,10.0,2.0,7.0,20.0,0.0,2.0,0.0,1.0,0.0,13.0,0.0,30.0,10.0,0.0,28.0,2.0,1.0,25.0,10468,1124800.0,1,2016.0,5.0,0.0,5.0,0.0,Bronx
0.0,1.0,15.0,1.0,3.0,28.0,2.0,19.0,0.0,0.0,12.0,0.0,1.0,0.0,0.0,0.0,7.0,0.0,24.0,15.0,0.0,10.0,2.0,1.0,25.0,10469,1824873.015873016,1,2016.0,40.0,0.0,136.0,0.0,Bronx
0.0,0.0,5.0,2.0,1.0,4.0,1.0,5.0,0.0,1.0,2.0,0.0,1.0,0.0,1.0,0.0,2.0,0.0,5.0,3.0,0.0,9.0,1.0,0.0,4.0,10470,830727.2727272727,3,2016.0,68.0,0.0,203.0,0.0,Bronx
0.0,7.0,7.0,0.0,6.0,23.0,1.0,13.0,2.0,11.0,2.0,0.0,1.0,1.0,1.0,0.0,9.0,0.0,16.0,4.0,0.0,7.0,1.0,2.0,8.0,10471,4231745.647058823,1,2016.0,19.0,0.0,77.0,0.0,Bronx
0.0,0.0,14.0,2.0,1.0,22.0,0.0,6.0,0.0,1.0,12.0,0.0,1.0,0.0,0.0,0.0,14.0,0.0,25.0,10.0,0.0,12.0,0.0,1.0,36.0,10472,508250.0,1,2016.0,1.0,0.0,4.0,0.0,Bronx
0.0,1.0,19.0,5.0,2.0,18.0,2.0,8.0,0.0,0.0,21.0,0.0,2.0,0.0,1.0,1.0,19.0,1.0,31.0,15.0,0.0,25.0,0.0,2.0,50.0,10473,439334.9444444445,1,2016.0,19.0,1.0,73.0,0.0,Bronx
1.0,0.0,9.0,3.0,4.0,4.0,1.0,7.0,0.0,2.0,10.0,2.0,0.0,1.0,1.0,0.0,9.0,0.0,9.0,37.0,0.0,22.0,0.0,7.0,20.0,10474,661000.0,1,2016.0,6.0,0.0,17.0,0.0,Bronx
0.0,0.0,10.0,4.0,2.0,9.0,1.0,7.0,0.0,1.0,9.0,0.0,1.0,0.0,0.0,0.0,2.0,1.0,18.0,11.0,0.0,31.0,0.0,2.0,27.0,10475,506000.2,1,2016.0,14.0,0.0,36.0,5.0,Bronx
0.0,0.0,0.0,0.0,1.0,0.0,0.0,0.0,0.0,0.0,0.0,0.0,0.0,0.0,0.0,0.0,0.0,0.0,0.0,0.0,0.0,0.0,0.0,0.0,0.0,10518,815555.0,3,,,,,,
0.0,0.0,0.0,0.0,0.0,0.0,0.0,3.0,0.0,0.0,0.0,0.0,0.0,0.0,0.0,0.0,0.0,0.0,0.0,0.0,0.0,0.0,0.0,0.0,0.0,10532,2500000.0,3,,,,,,
0.0,0.0,0.0,0.0,0.0,0.0,0.0,0.0,0.0,0.0,0.0,0.0,0.0,0.0,0.0,0.0,0.0,0.0,1.0,0.0,0.0,1.0,0.0,0.0,0.0,10550,2490666.6666666665,3,2016.0,0.0,0.0,6.0,0.0,
0.0,0.0,0.0,0.0,0.0,0.0,0.0,0.0,0.0,0.0,1.0,0.0,0.0,0.0,0.0,0.0,0.0,0.0,0.0,0.0,0.0,0.0,0.0,0.0,0.0,10605,334742.5,3,,,,,,
0.0,0.0,0.0,0.0,0.0,0.0,0.0,0.0,0.0,0.0,0.0,0.0,0.0,0.0,0.0,0.0,0.0,0.0,0.0,0.0,0.0,2.0,0.0,0.0,0.0,10801,3974250.0,3,,,,,,
0.0,0.0,0.0,0.0,0.0,1.0,0.0,0.0,0.0,0.0,0.0,0.0,0.0,0.0,0.0,0.0,0.0,0.0,2.0,0.0,0.0,1.0,0.0,0.0,0.0,11001,5583347.586206896,3,2016.0,2.0,0.0,9.0,0.0,
0.0,0.0,2.0,0.0,1.0,3.0,1.0,12.0,0.0,0.0,0.0,0.0,1.0,0.0,0.0,0.0,4.0,0.0,3.0,1.0,0.0,0.0,0.0,0.0,5.0,11004,7515832.0,3,2016.0,17.0,0.0,42.0,3.0,Queens
0.0,0.0,0.0,0.0,1.0,0.0,0.0,2.0,0.0,0.0,0.0,0.0,0.0,0.0,0.0,0.0,0.0,0.0,0.0,0.0,0.0,1.0,0.0,0.0,0.0,11040,7261094.425,3,2016.0,7.0,0.0,4.0,2.0,
0.0,0.0,0.0,0.0,0.0,0.0,0.0,0.0,0.0,0.0,0.0,0.0,0.0,0.0,0.0,0.0,1.0,0.0,0.0,0.0,0.0,0.0,0.0,0.0,0.0,11096,0.0,3,,,,,,
3.0,2.0,20.0,15.0,27.0,46.0,4.0,31.0,2.0,6.0,29.0,3.0,3.0,0.0,18.0,0.0,23.0,3.0,27.0,21.0,0.0,94.0,4.0,0.0,68.0,11101,11950522.468085106,0,2016.0,0.0,0.0,1.0,0.0,Queens
2.0,0.0,9.0,1.0,5.0,23.0,2.0,5.0,0.0,1.0,8.0,0.0,1.0,0.0,0.0,0.0,13.0,0.0,9.0,13.0,0.0,12.0,0.0,0.0,31.0,11102,956768.447368421,1,2016.0,6.0,1.0,34.0,2.0,Queens
0.0,0.0,5.0,0.0,5.0,12.0,1.0,4.0,0.0,0.0,4.0,0.0,1.0,0.0,0.0,0.0,3.0,1.0,6.0,13.0,0.0,9.0,2.0,0.0,10.0,11103,1067158.3461538462,3,2016.0,34.0,3.0,125.0,7.0,Queens
1.0,0.0,3.0,0.0,7.0,12.0,0.0,2.0,0.0,1.0,5.0,0.0,1.0,0.0,0.0,0.0,4.0,0.0,5.0,3.0,0.0,5.0,0.0,0.0,19.0,11104,2474312.086956522,3,2016.0,2.0,1.0,2.0,0.0,Queens
0.0,1.0,3.0,1.0,14.0,21.0,1.0,3.0,0.0,2.0,0.0,0.0,1.0,0.0,0.0,0.0,4.0,0.0,8.0,5.0,0.0,20.0,0.0,2.0,7.0,11105,2138163.636363636,3,2016.0,37.0,3.0,48.0,9.0,Queens
4.0,0.0,11.0,2.0,13.0,14.0,0.0,11.0,0.0,3.0,10.0,0.0,1.0,0.0,0.0,0.0,7.0,1.0,13.0,24.0,0.0,10.0,1.0,0.0,33.0,11106,7108606.3,1,2016.0,4.0,0.0,16.0,1.0,Queens
0.0,1.0,0.0,0.0,0.0,5.0,0.0,0.0,0.0,0.0,0.0,0.0,0.0,0.0,0.0,0.0,0.0,0.0,1.0,0.0,0.0,2.0,0.0,0.0,1.0,11109,18339189.6,3,,,,,,Queens
0.0,0.0,0.0,0.0,12.0,0.0,0.0,0.0,0.0,0.0,0.0,0.0,0.0,0.0,0.0,0.0,0.0,0.0,0.0,0.0,0.0,0.0,0.0,0.0,0.0,11202,1576500.0,3,,,,,,
0.0,2.0,32.0,0.0,8.0,54.0,2.0,45.0,1.0,5.0,25.0,0.0,1.0,0.0,1.0,0.0,7.0,0.0,40.0,12.0,0.0,11.0,3.0,0.0,62.0,11203,521349.1194029851,1,2016.0,198.0,11.0,340.0,21.0,Brooklyn
2.0,2.0,14.0,2.0,1.0,60.0,1.0,14.0,1.0,2.0,8.0,0.0,2.0,0.0,0.0,0.0,5.0,0.0,53.0,3.0,0.0,7.0,7.0,0.0,36.0,11204,1754170.5190839695,1,2016.0,47.0,2.0,54.0,3.0,Brooklyn
0.0,0.0,14.0,5.0,22.0,26.0,3.0,33.0,2.0,9.0,8.0,0.0,2.0,0.0,2.0,0.0,15.0,2.0,36.0,5.0,0.0,15.0,0.0,2.0,45.0,11205,1224267.6363636365,1,2016.0,3.0,0.0,4.0,2.0,Brooklyn
3.0,2.0,28.0,1.0,10.0,43.0,2.0,48.0,1.0,5.0,41.0,0.0,2.0,0.0,1.0,0.0,36.0,1.0,53.0,15.0,0.0,17.0,1.0,0.0,87.0,11206,1042314.8333333334,0,2016.0,0.0,0.0,2.0,3.0,Brooklyn
1.0,0.0,48.0,6.0,9.0,48.0,4.0,62.0,0.0,6.0,37.0,0.0,3.0,0.0,2.0,0.0,58.0,1.0,55.0,37.0,0.0,53.0,0.0,1.0,83.0,11207,649762.3076923077,0,2016.0,28.0,0.0,36.0,7.0,Brooklyn
1.0,4.0,24.0,14.0,4.0,46.0,2.0,13.0,0.0,7.0,21.0,0.0,1.0,0.0,3.0,1.0,29.0,1.0,39.0,21.0,0.0,25.0,3.0,1.0,55.0,11208,465295.0,0,2016.0,37.0,0.0,129.0,2.0,Brooklyn
0.0,3.0,8.0,0.0,12.0,43.0,1.0,8.0,0.0,5.0,5.0,0.0,2.0,0.0,1.0,0.0,11.0,0.0,19.0,5.0,0.0,7.0,4.0,0.0,43.0,11209,2478414.8169934643,1,2016.0,56.0,6.0,188.0,21.0,Brooklyn
2.0,2.0,18.0,0.0,6.0,38.0,1.0,20.0,1.0,3.0,6.0,0.0,1.0,0.0,1.0,0.0,6.0,1.0,20.0,4.0,0.0,6.0,1.0,0.0,30.0,11210,2732171.974683544,1,2016.0,94.0,4.0,101.0,5.0,Brooklyn
0.0,3.0,21.0,1.0,16.0,54.0,5.0,13.0,0.0,8.0,13.0,0.0,2.0,0.0,1.0,0.0,43.0,1.0,33.0,17.0,0.0,31.0,1.0,0.0,42.0,11211,573469.1914893617,1,2016.0,4.0,0.0,13.0,0.0,Brooklyn
1.0,1.0,51.0,0.0,4.0,43.0,2.0,30.0,0.0,1.0,45.0,1.0,3.0,0.0,1.0,0.0,39.0,2.0,54.0,19.0,0.0,10.0,0.0,0.0,100.0,11212,421576.9230769231,0,2016.0,2.0,0.0,5.0,1.0,Brooklyn
0.0,4.0,28.0,3.0,11.0,49.0,1.0,26.0,0.0,5.0,13.0,0.0,2.0,0.0,1.0,0.0,9.0,1.0,33.0,19.0,0.0,9.0,0.0,0.0,41.0,11213,1068842.857142857,1,2016.0,62.0,10.0,180.0,17.0,Brooklyn
3.0,1.0,13.0,4.0,7.0,31.0,2.0,12.0,0.0,3.0,9.0,0.0,2.0,0.0,1.0,0.0,8.0,1.0,24.0,11.0,0.0,9.0,7.0,1.0,42.0,11214,1590513.1907894737,1,2016.0,49.0,1.0,153.0,7.0,Brooklyn
3.0,13.0,16.0,4.0,55.0,64.0,3.0,14.0,0.0,16.0,7.0,0.0,1.0,0.0,0.0,0.0,18.0,0.0,26.0,20.0,0.0,33.0,0.0,0.0,39.0,11215,2932457.758426966,1,2016.0,5.0,1.0,40.0,3.0,Brooklyn
0.0,6.0,34.0,1.0,14.0,25.0,1.0,23.0,1.0,7.0,32.0,0.0,0.0,0.0,2.0,0.0,18.0,0.0,27.0,30.0,0.0,7.0,2.0,0.0,61.0,11216,549738.2,1,2016.0,27.0,3.0,31.0,5.0,Brooklyn
0.0,2.0,13.0,0.0,71.0,23.0,2.0,17.0,0.0,9.0,24.0,0.0,1.0,0.0,2.0,2.0,18.0,1.0,19.0,13.0,0.0,24.0,3.0,4.0,45.0,11217,1258110.9680851065,1,,,,,,Brooklyn
1.0,2.0,16.0,0.0,20.0,49.0,2.0,11.0,1.0,3.0,5.0,0.0,2.0,0.0,0.0,0.0,14.0,0.0,41.0,13.0,0.0,12.0,1.0,0.0,28.0,11218,1784361.4945054946,1,2016.0,25.0,1.0,60.0,7.0,Brooklyn
1.0,0.0,17.0,0.0,1.0,103.0,2.0,35.0,0.0,3.0,16.0,0.0,2.0,0.0,2.0,0.0,6.0,1.0,60.0,5.0,0.0,23.0,1.0,0.0,35.0,11219,1414942.0191082803,1,2016.0,16.0,0.0,62.0,9.0,Brooklyn
6.0,1.0,18.0,1.0,8.0,59.0,3.0,31.0,0.0,3.0,20.0,0.0,1.0,0.0,1.0,0.0,10.0,1.0,21.0,9.0,0.0,19.0,5.0,3.0,49.0,11220,1075806.7571428572,1,2016.0,94.0,3.0,154.0,13.0,Brooklyn
0.0,1.0,38.0,11.0,4.0,53.0,4.0,12.0,0.0,5.0,31.0,0.0,1.0,0.0,0.0,0.0,22.0,1.0,49.0,28.0,0.0,6.0,0.0,0.0,56.0,11221,777976.3658536585,0,2016.0,5.0,0.0,11.0,1.0,Brooklyn
1.0,3.0,6.0,3.0,18.0,12.0,1.0,3.0,0.0,3.0,5.0,0.0,1.0,0.0,0.0,0.0,16.0,1.0,8.0,31.0,0.0,28.0,0.0,3.0,25.0,11222,1558885.642857143,1,2016.0,20.0,0.0,12.0,1.0,Brooklyn
1.0,2.0,11.0,1.0,0.0,49.0,1.0,22.0,0.0,5.0,14.0,0.0,3.0,0.0,3.0,0.0,12.0,1.0,27.0,5.0,0.0,24.0,1.0,2.0,31.0,11223,1296031.607843137,1,2016.0,31.0,1.0,76.0,6.0,Brooklyn
3.0,5.0,22.0,5.0,9.0,27.0,2.0,25.0,0.0,4.0,30.0,0.0,1.0,0.0,2.0,1.0,19.0,2.0,14.0,6.0,0.0,41.0,0.0,0.0,42.0,11224,8887171.676056338,0,2016.0,11.0,1.0,42.0,2.0,Brooklyn
0.0,3.0,19.0,3.0,17.0,36.0,1.0,6.0,1.0,5.0,16.0,0.0,1.0,0.0,1.0,0.0,10.0,1.0,26.0,9.0,0.0,12.0,1.0,0.0,35.0,11225,1281219.2307692308,1,2016.0,21.0,3.0,66.0,6.0,Brooklyn
1.0,2.0,25.0,1.0,10.0,43.0,1.0,25.0,0.0,12.0,26.0,0.0,2.0,0.0,0.0,0.0,5.0,2.0,27.0,12.0,0.0,16.0,4.0,0.0,40.0,11226,2053135.5263157892,1,2016.0,235.0,4.0,433.0,53.0,Brooklyn
0.0,1.0,4.0,0.0,1.0,28.0,1.0,7.0,0.0,1.0,3.0,0.0,1.0,0.0,0.0,0.0,6.0,0.0,10.0,1.0,0.0,1.0,0.0,0.0,15.0,11228,1274777.024691358,3,2016.0,27.0,2.0,95.0,20.0,Brooklyn
0.0,5.0,12.0,0.0,2.0,45.0,2.0,35.0,0.0,4.0,12.0,0.0,3.0,0.0,0.0,0.0,9.0,0.0,29.0,3.0,0.0,3.0,11.0,0.0,41.0,11229,1756627.056818182,1,2016.0,43.0,1.0,89.0,5.0,Brooklyn
1.0,1.0,9.0,0.0,7.0,53.0,1.0,43.0,1.0,2.0,20.0,0.0,1.0,0.0,2.0,0.0,7.0,1.0,48.0,5.0,0.0,11.0,4.0,0.0,32.0,11230,1624261.0579710144,1,2016.0,48.0,1.0,127.0,9.0,Brooklyn
0.0,5.0,8.0,5.0,26.0,28.0,3.0,11.0,1.0,4.0,10.0,2.0,3.0,0.0,0.0,1.0,20.0,2.0,15.0,9.0,0.0,25.0,0.0,0.0,34.0,11231,859019.8383233533,1,2016.0,3.0,0.0,16.0,1.0,Brooklyn
5.0,0.0,5.0,9.0,11.0,18.0,1.0,13.0,0.0,5.0,9.0,1.0,0.0,2.0,3.0,1.0,5.0,1.0,16.0,18.0,0.0,22.0,1.0,0.0,54.0,11232,1170915.7,1,2016.0,7.0,2.0,21.0,2.0,Brooklyn
0.0,1.0,36.0,4.0,5.0,30.0,5.0,27.0,0.0,3.0,42.0,0.0,2.0,0.0,0.0,1.0,41.0,0.0,30.0,30.0,0.0,7.0,0.0,0.0,59.0,11233,715752.2105263158,0,2016.0,4.0,0.0,11.0,4.0,Brooklyn
0.0,4.0,15.0,3.0,6.0,33.0,2.0,18.0,0.0,5.0,18.0,0.0,3.0,0.0,5.0,0.0,19.0,0.0,18.0,23.0,0.0,19.0,0.0,2.0,40.0,11234,1317274.7149758453,1,2016.0,90.0,3.0,238.0,10.0,Brooklyn
2.0,4.0,19.0,1.0,8.0,66.0,2.0,28.0,1.0,3.0,12.0,0.0,2.0,0.0,1.0,0.0,13.0,1.0,37.0,6.0,0.0,15.0,5.0,6.0,22.0,11235,2013946.7621621625,1,2016.0,39.0,2.0,67.0,6.0,Brooklyn
0.0,3.0,34.0,10.0,2.0,40.0,3.0,19.0,0.0,0.0,17.0,0.0,2.0,0.0,4.0,1.0,12.0,2.0,40.0,20.0,0.0,31.0,2.0,0.0,44.0,11236,1124224.3529411764,0,2016.0,109.0,11.0,236.0,18.0,Brooklyn
4.0,1.0,7.0,8.0,5.0,20.0,2.0,11.0,0.0,3.0,7.0,0.0,1.0,0.0,0.0,0.0,4.0,2.0,17.0,35.0,0.0,14.0,1.0,1.0,54.0,11237,1062902.4137931035,1,2016.0,11.0,1.0,92.0,8.0,Brooklyn
0.0,5.0,12.0,2.0,27.0,40.0,1.0,27.0,2.0,13.0,11.0,0.0,2.0,0.0,2.0,0.0,21.0,2.0,23.0,17.0,0.0,38.0,2.0,0.0,49.0,11238,1800494.9830508474,1,2016.0,0.0,0.0,0.0,1.0,Brooklyn
0.0,0.0,0.0,0.0,2.0,9.0,0.0,2.0,0.0,0.0,10.0,0.0,0.0,0.0,0.0,0.0,6.0,0.0,6.0,2.0,0.0,0.0,0.0,2.0,28.0,11239,1768000.0,3,2016.0,17.0,1.0,36.0,0.0,Brooklyn
0.0,0.0,0.0,0.0,0.0,0.0,0.0,0.0,0.0,0.0,0.0,0.0,0.0,0.0,0.0,0.0,0.0,0.0,0.0,0.0,0.0,1.0,0.0,0.0,0.0,11241,3166666.6666666665,3,,,,,,Brooklyn
0.0,0.0,10.0,4.0,15.0,25.0,1.0,13.0,0.0,1.0,9.0,0.0,0.0,0.0,0.0,0.0,15.0,0.0,19.0,3.0,0.0,41.0,1.0,0.0,16.0,11249,829705.3278688524,1,,,,,,Brooklyn
0.0,0.0,0.0,0.0,1.0,0.0,0.0,0.0,0.0,0.0,0.0,0.0,0.0,0.0,0.0,0.0,0.0,0.0,0.0,0.0,0.0,0.0,0.0,0.0,0.0,11352,658494.75,3,,,,,,
0.0,3.0,12.0,12.0,12.0,40.0,2.0,19.0,0.0,12.0,11.0,0.0,1.0,0.0,7.0,0.0,13.0,1.0,13.0,18.0,0.0,42.0,22.0,0.0,23.0,11354,2854214.8969072164,1,2016.0,62.0,0.0,99.0,3.0,Queens
3.0,6.0,12.0,0.0,8.0,36.0,1.0,17.0,0.0,2.0,13.0,0.0,2.0,0.0,0.0,0.0,5.0,0.0,13.0,3.0,0.0,19.0,2.0,1.0,40.0,11355,1597784.5658914729,1,2016.0,67.0,0.0,99.0,0.0,Queens
0.0,0.0,1.0,1.0,2.0,6.0,1.0,2.0,0.0,3.0,2.0,0.0,1.0,0.0,2.0,0.0,7.0,1.0,3.0,7.0,0.0,10.0,0.0,3.0,4.0,11356,6383670.814814814,3,2016.0,28.0,0.0,35.0,0.0,Queens
0.0,1.0,3.0,0.0,2.0,22.0,1.0,6.0,0.0,0.0,6.0,0.0,1.0,0.0,0.0,0.0,8.0,0.0,10.0,3.0,0.0,3.0,2.0,1.0,8.0,11357,2686385.42248062,3,2016.0,30.0,2.0,57.0,0.0,Queens
0.0,4.0,8.0,0.0,6.0,24.0,1.0,6.0,0.0,2.0,2.0,0.0,2.0,0.0,0.0,0.0,4.0,0.0,9.0,1.0,0.0,6.0,3.0,0.0,6.0,11358,1203896.347457627,3,2016.0,83.0,3.0,79.0,2.0,Queens
0.0,1.0,2.0,0.0,2.0,6.0,0.0,2.0,0.0,0.0,3.0,0.0,1.0,0.0,0.0,0.0,6.0,0.0,3.0,0.0,0.0,2.0,1.0,0.0,8.0,11360,2143640.672131148,3,2016.0,7.0,0.0,22.0,0.0,Queens
1.0,1.0,10.0,1.0,1.0,19.0,1.0,7.0,0.0,0.0,2.0,0.0,1.0,0.0,0.0,0.0,8.0,1.0,9.0,3.0,0.0,5.0,0.0,0.0,8.0,11361,976231.5375,3,2016.0,19.0,2.0,83.0,2.0,Queens
0.0,4.0,3.0,0.0,1.0,16.0,0.0,8.0,1.0,0.0,6.0,0.0,2.0,0.0,1.0,0.0,9.0,0.0,7.0,2.0,0.0,0.0,0.0,2.0,4.0,11362,4445748.966666667,3,2016.0,10.0,0.0,29.0,1.0,Queens
0.0,0.0,2.0,0.0,2.0,5.0,1.0,0.0,0.0,4.0,0.0,0.0,0.0,0.0,0.0,0.0,6.0,0.0,2.0,0.0,0.0,1.0,0.0,0.0,3.0,11363,2793839.8378378376,3,2016.0,3.0,0.0,5.0,0.0,Queens
0.0,1.0,7.0,0.0,3.0,21.0,1.0,0.0,1.0,0.0,3.0,0.0,1.0,0.0,0.0,0.0,11.0,0.0,13.0,2.0,0.0,1.0,0.0,1.0,8.0,11364,7016710.372881356,3,2016.0,16.0,1.0,61.0,2.0,Queens
0.0,1.0,6.0,3.0,1.0,20.0,1.0,11.0,0.0,0.0,5.0,0.0,2.0,0.0,0.0,0.0,10.0,1.0,13.0,3.0,0.0,7.0,0.0,1.0,12.0,11365,784082.734939759,3,2016.0,17.0,1.0,40.0,1.0,Queens
1.0,2.0,3.0,0.0,1.0,19.0,1.0,7.0,0.0,0.0,2.0,0.0,1.0,0.0,0.0,0.0,2.0,0.0,10.0,2.0,0.0,1.0,0.0,3.0,10.0,11366,916202.6904761904,3,2016.0,13.0,1.0,26.0,0.0,Queens
0.0,4.0,11.0,0.0,6.0,33.0,0.0,1.0,3.0,1.0,6.0,0.0,1.0,0.0,1.0,0.0,8.0,1.0,13.0,4.0,0.0,2.0,0.0,1.0,28.0,11367,2650386.0875,1,2016.0,23.0,2.0,76.0,3.0,Queens
1.0,0.0,16.0,1.0,5.0,45.0,2.0,14.0,0.0,4.0,14.0,0.0,3.0,2.0,4.0,0.0,19.0,2.0,17.0,10.0,0.0,14.0,0.0,2.0,20.0,11368,1744590.2470588237,1,2016.0,89.0,2.0,206.0,23.0,Queens
0.0,2.0,4.0,1.0,4.0,19.0,1.0,3.0,1.0,0.0,5.0,0.0,1.0,0.0,0.0,0.0,12.0,1.0,6.0,5.0,0.0,14.0,1.0,0.0,9.0,11369,8170029.411764706,3,2016.0,19.0,1.0,66.0,0.0,Queens
0.0,1.0,1.0,0.0,2.0,4.0,0.0,4.0,0.0,1.0,1.0,11.0,0.0,0.0,2.0,0.0,11.0,0.0,7.0,2.0,0.0,6.0,0.0,1.0,4.0,11370,708112.6363636364,3,2016.0,23.0,1.0,34.0,0.0,Queens
3.0,4.0,7.0,0.0,15.0,25.0,1.0,16.0,0.0,2.0,16.0,0.0,1.0,0.0,1.0,0.0,8.0,0.0,10.0,5.0,0.0,10.0,3.0,0.0,42.0,11372,3445869.339285714,1,2016.0,12.0,0.0,49.0,4.0,Queens
0.0,1.0,14.0,2.0,6.0,41.0,2.0,24.0,0.0,5.0,6.0,1.0,1.0,0.0,0.0,0.0,21.0,1.0,26.0,9.0,0.0,17.0,7.0,0.0,51.0,11373,2205014.04,1,2016.0,15.0,0.0,43.0,1.0,Queens
0.0,2.0,2.0,0.0,3.0,31.0,0.0,10.0,1.0,1.0,5.0,0.0,1.0,0.0,0.0,0.0,8.0,0.0,10.0,2.0,0.0,18.0,5.0,1.0,7.0,11374,7247252.414285715,3,2016.0,8.0,0.0,46.0,1.0,Queens
4.0,4.0,5.0,3.0,7.0,40.0,1.0,28.0,1.0,3.0,22.0,0.0,3.0,0.0,6.0,0.0,9.0,1.0,19.0,4.0,0.0,25.0,7.0,0.0,45.0,11375,3269703.6129032257,1,2016.0,5.0,1.0,33.0,0.0,Queens
0.0,0.0,8.0,6.0,13.0,39.0,3.0,21.0,0.0,0.0,14.0,0.0,1.0,0.0,2.0,0.0,26.0,0.0,15.0,24.0,0.0,19.0,3.0,1.0,36.0,11377,2818152.5344827585,1,2016.0,29.0,0.0,68.0,3.0,Queens
0.0,0.0,2.0,8.0,2.0,7.0,1.0,2.0,0.0,0.0,1.0,0.0,1.0,0.0,1.0,0.0,19.0,1.0,7.0,10.0,0.0,24.0,0.0,0.0,10.0,11378,862422.309859155,3,2016.0,23.0,1.0,35.0,1.0,Queens
0.0,2.0,4.0,4.0,2.0,18.0,1.0,1.0,0.0,0.0,2.0,0.0,1.0,0.0,0.0,0.0,6.0,0.0,11.0,1.0,0.0,4.0,1.0,0.0,13.0,11379,669648.275510204,3,2016.0,12.0,0.0,37.0,1.0,Queens
0.0,2.0,12.0,1.0,8.0,30.0,2.0,11.0,0.0,22.0,10.0,0.0,2.0,0.0,1.0,0.0,19.0,2.0,19.0,13.0,0.0,23.0,5.0,0.0,46.0,11385,827112.7591240876,1,2016.0,55.0,2.0,135.0,10.0,Queens
0.0,0.0,14.0,0.0,1.0,10.0,0.0,1.0,0.0,0.0,4.0,0.0,1.0,0.0,0.0,0.0,3.0,0.0,12.0,0.0,0.0,0.0,0.0,3.0,9.0,11411,423500.0,3,2016.0,51.0,4.0,67.0,2.0,Queens
0.0,3.0,19.0,0.0,8.0,18.0,1.0,3.0,0.0,0.0,9.0,0.0,2.0,0.0,0.0,0.0,4.0,0.0,11.0,7.0,0.0,1.0,0.0,2.0,19.0,11412,445933.82352941175,1,2016.0,82.0,0.0,174.0,7.0,Queens
0.0,1.0,10.0,0.0,6.0,27.0,2.0,5.0,0.0,0.0,7.0,0.0,1.0,0.0,0.0,0.0,8.0,0.0,18.0,6.0,0.0,12.0,0.0,5.0,23.0,11413,478236.8421052632,1,2016.0,48.0,0.0,120.0,8.0,Queens
0.0,1.0,2.0,0.0,1.0,13.0,1.0,4.0,0.0,0.0,4.0,0.0,1.0,0.0,1.0,0.0,7.0,0.0,8.0,1.0,0.0,1.0,0.0,4.0,9.0,11414,2432652.6761904764,3,2016.0,49.0,0.0,44.0,1.0,Queens
0.0,1.0,4.0,2.0,1.0,13.0,0.0,4.0,0.0,3.0,11.0,5.0,0.0,0.0,19.0,0.0,4.0,0.0,5.0,4.0,0.0,6.0,1.0,2.0,9.0,11415,842913.9285714285,3,2016.0,8.0,0.0,10.0,0.0,Queens
0.0,1.0,1.0,0.0,0.0,14.0,0.0,4.0,0.0,1.0,5.0,0.0,0.0,0.0,1.0,0.0,5.0,0.0,6.0,2.0,0.0,12.0,0.0,0.0,7.0,11416,698562.5,3,2016.0,20.0,3.0,80.0,1.0,Queens
0.0,0.0,4.0,1.0,0.0,10.0,1.0,5.0,0.0,0.0,1.0,0.0,1.0,0.0,0.0,0.0,12.0,1.0,8.0,4.0,0.0,18.0,1.0,0.0,10.0,11417,554525.5370370371,3,2016.0,27.0,0.0,48.0,10.0,Queens
0.0,0.0,4.0,2.0,4.0,15.0,2.0,38.0,0.0,4.0,5.0,0.0,1.0,0.0,0.0,0.0,1.0,1.0,13.0,12.0,0.0,11.0,1.0,5.0,11.0,11418,1942287.313432836,1,2016.0,6.0,1.0,46.0,8.0,Queens
0.0,0.0,7.0,0.0,0.0,11.0,1.0,1.0,0.0,1.0,1.0,0.0,1.0,0.0,0.0,0.0,2.0,0.0,5.0,3.0,0.0,2.0,2.0,1.0,11.0,11419,469101.6949152543,3,2016.0,103.0,4.0,187.0,11.0,Queens
0.0,0.0,10.0,2.0,1.0,17.0,0.0,4.0,0.0,0.0,4.0,0.0,1.0,0.0,1.0,0.0,9.0,0.0,15.0,3.0,0.0,10.0,0.0,8.0,15.0,11420,560351.724137931,3,2016.0,60.0,1.0,159.0,9.0,Queens
0.0,0.0,4.0,0.0,1.0,8.0,1.0,1.0,1.0,2.0,2.0,0.0,1.0,0.0,0.0,0.0,3.0,0.0,5.0,3.0,0.0,5.0,1.0,0.0,10.0,11421,1266205.8823529412,3,2016.0,69.0,0.0,139.0,17.0,Queens
0.0,2.0,3.0,0.0,0.0,11.0,1.0,1.0,0.0,0.0,4.0,0.0,1.0,0.0,0.0,0.0,5.0,2.0,9.0,4.0,0.0,5.0,0.0,2.0,8.0,11422,1453771.2142857143,3,2016.0,42.0,0.0,81.0,10.0,Queens
0.0,2.0,8.0,0.0,0.0,12.0,1.0,5.0,0.0,0.0,7.0,0.0,1.0,0.0,1.0,0.0,4.0,0.0,7.0,8.0,0.0,12.0,2.0,4.0,8.0,11423,2031017.7051282048,3,2016.0,14.0,0.0,41.0,0.0,Queens
0.0,3.0,4.0,1.0,0.0,9.0,0.0,10.0,0.0,2.0,0.0,0.0,1.0,0.0,0.0,0.0,5.0,0.0,9.0,5.0,0.0,1.0,0.0,0.0,9.0,11426,2477533.333333333,3,2016.0,25.0,0.0,70.0,7.0,Queens
0.0,2.0,3.0,0.0,3.0,8.0,0.0,18.0,0.0,0.0,5.0,0.0,0.0,0.0,0.0,0.0,5.0,0.0,8.0,3.0,0.0,0.0,0.0,2.0,5.0,11427,3929600.0,3,2016.0,18.0,1.0,58.0,6.0,Queens
0.0,0.0,6.0,0.0,0.0,8.0,0.0,6.0,0.0,0.0,3.0,0.0,1.0,0.0,1.0,0.0,1.0,1.0,7.0,4.0,0.0,2.0,1.0,2.0,5.0,11428,860712.7361111111,3,2016.0,12.0,1.0,27.0,0.0,Queens
0.0,0.0,3.0,1.0,0.0,16.0,1.0,2.0,0.0,0.0,5.0,0.0,0.0,0.0,0.0,0.0,7.0,0.0,4.0,4.0,0.0,14.0,1.0,4.0,3.0,11429,444459.6774193549,3,2016.0,59.0,0.0,72.0,7.0,Queens
1.0,5.0,22.0,0.0,10.0,45.0,2.0,46.0,1.0,6.0,39.0,0.0,5.0,0.0,7.0,0.0,7.0,1.0,32.0,12.0,0.0,19.0,15.0,4.0,43.0,11432,1023557.869047619,1,2016.0,10.0,1.0,40.0,0.0,Queens
0.0,1.0,30.0,9.0,5.0,14.0,1.0,6.0,2.0,6.0,13.0,0.0,1.0,0.0,15.0,0.0,12.0,1.0,10.0,19.0,0.0,23.0,2.0,6.0,24.0,11433,452194.6774193549,1,2016.0,49.0,7.0,224.0,6.0,Queens
0.0,3.0,26.0,4.0,8.0,41.0,0.0,16.0,0.0,0.0,13.0,0.0,1.0,0.0,1.0,0.0,9.0,1.0,19.0,18.0,0.0,30.0,0.0,1.0,53.0,11434,636060.6060606061,1,2016.0,249.0,18.0,575.0,23.0,Queens
0.0,4.0,24.0,2.0,4.0,29.0,1.0,64.0,0.0,1.0,19.0,2.0,1.0,0.0,6.0,0.0,9.0,0.0,8.0,7.0,0.0,37.0,2.0,1.0,16.0,11435,698255.5961538461,1,2016.0,58.0,0.0,106.0,2.0,Queens
0.0,0.0,7.0,0.0,1.0,5.0,1.0,0.0,0.0,0.0,4.0,0.0,1.0,0.0,0.0,0.0,5.0,0.0,7.0,5.0,0.0,5.0,0.0,3.0,2.0,11436,444612.625,3,2016.0,14.0,0.0,15.0,0.0,Queens
0.0,0.0,0.0,0.0,0.0,0.0,0.0,0.0,0.0,0.0,0.0,0.0,0.0,0.0,0.0,0.0,0.0,0.0,0.0,0.0,0.0,2.0,0.0,0.0,0.0,11580,1745909.0909090908,3,,,,,,
0.0,0.0,0.0,0.0,0.0,0.0,0.0,0.0,0.0,0.0,0.0,0.0,0.0,0.0,0.0,0.0,0.0,0.0,0.0,0.0,0.0,1.0,0.0,0.0,0.0,11590,6072561.035714285,3,,,,,,
0.0,4.0,18.0,1.0,3.0,23.0,2.0,55.0,0.0,4.0,30.0,0.0,2.0,0.0,1.0,0.0,28.0,2.0,34.0,18.0,0.0,12.0,1.0,0.0,49.0,11691,660043.5,1,2016.0,75.0,3.0,110.0,5.0,Queens
0.0,1.0,10.0,1.0,0.0,10.0,0.0,9.0,0.0,0.0,6.0,0.0,1.0,0.0,1.0,0.0,11.0,1.0,3.0,2.0,0.0,9.0,0.0,0.0,18.0,11692,594807.8260869565,3,2016.0,45.0,1.0,76.0,0.0,Queens
0.0,0.0,6.0,1.0,0.0,6.0,1.0,4.0,0.0,2.0,3.0,0.0,2.0,0.0,0.0,0.0,9.0,1.0,4.0,1.0,0.0,3.0,0.0,0.0,6.0,11693,481014.28571428574,3,2016.0,13.0,0.0,37.0,23.0,Queens
0.0,0.0,4.0,3.0,1.0,8.0,2.0,11.0,0.0,1.0,1.0,0.0,1.0,0.0,1.0,0.0,8.0,0.0,12.0,2.0,0.0,6.0,0.0,4.0,17.0,11694,759146.4871794871,3,2016.0,21.0,0.0,34.0,1.0,Queens
0.0,0.0,0.0,0.0,1.0,2.0,0.0,0.0,0.0,1.0,0.0,0.0,0.0,0.0,1.0,0.0,0.0,0.0,0.0,0.0,0.0,0.0,0.0,0.0,0.0,11697,61507838.333333336,3,2016.0,3.0,0.0,5.0,0.0,Queens
0.0,0.0,0.0,0.0,0.0,0.0,0.0,0.0,0.0,0.0,0.0,0.0,0.0,0.0,0.0,0.0,0.0,0.0,0.0,0.0,0.0,1.0,0.0,0.0,0.0,11757,256992.0,3,,,,,,
0.0,0.0,0.0,0.0,0.0,0.0,0.0,0.0,0.0,0.0,0.0,0.0,0.0,0.0,0.0,0.0,0.0,0.0,1.0,0.0,0.0,0.0,0.0,0.0,0.0,11791,1018719.0,3,,,,,,
0.0,0.0,0.0,0.0,0.0,0.0,0.0,1.0,0.0,0.0,0.0,0.0,0.0,0.0,0.0,0.0,0.0,0.0,0.0,0.0,0.0,0.0,0.0,0.0,0.0,14209,552370.0,3,,,,,,
